filename,predicted_label
200001.jpg,brown_spot
200002.jpg,blast
200003.jpg,downy_mildew
200004.jpg,blast
200005.jpg,downy_mildew
200006.jpg,downy_mildew
200007.jpg,blast
200008.jpg,downy_mildew
200009.jpg,downy_mildew
200010.jpg,blast
200011.jpg,bacterial_panicle_blight
200012.jpg,downy_mildew
200013.jpg,blast
200014.jpg,downy_mildew
200015.jpg,brown_spot
200016.jpg,downy_mildew
200017.jpg,blast
200018.jpg,blast
200019.jpg,blast
200020.jpg,blast
200021.jpg,bacterial_panicle_blight
200022.jpg,downy_mildew
200023.jpg,downy_mildew
200024.jpg,brown_spot
200025.jpg,blast
200026.jpg,blast
200027.jpg,blast
200028.jpg,blast
200029.jpg,dead_heart
200030.jpg,blast
200031.jpg,blast
200032.jpg,dead_heart
200033.jpg,downy_mildew
200034.jpg,blast
200035.jpg,blast
200036.jpg,brown_spot
200037.jpg,brown_spot
200038.jpg,blast
200039.jpg,blast
200040.jpg,blast
200041.jpg,blast
200042.jpg,downy_mildew
200043.jpg,brown_spot
200044.jpg,downy_mildew
200045.jpg,blast
200046.jpg,blast
200047.jpg,blast
200048.jpg,blast
200049.jpg,bacterial_panicle_blight
200050.jpg,blast
200051.jpg,blast
200052.jpg,blast
200053.jpg,blast
200054.jpg,brown_spot
200055.jpg,blast
200056.jpg,downy_mildew
200057.jpg,blast
200058.jpg,blast
200059.jpg,blast
200060.jpg,blast
200061.jpg,brown_spot
200062.jpg,blast
200063.jpg,blast
200064.jpg,blast
200065.jpg,brown_spot
200066.jpg,blast
200067.jpg,blast
200068.jpg,blast
200069.jpg,dead_heart
200070.jpg,bacterial_panicle_blight
200071.jpg,blast
200072.jpg,downy_mildew
200073.jpg,blast
200074.jpg,blast
200075.jpg,blast
200076.jpg,blast
200077.jpg,blast
200078.jpg,blast
200079.jpg,brown_spot
200080.jpg,downy_mildew
200081.jpg,normal
200082.jpg,brown_spot
200083.jpg,bacterial_panicle_blight
200084.jpg,brown_spot
200085.jpg,blast
200086.jpg,brown_spot
200087.jpg,bacterial_panicle_blight
200088.jpg,downy_mildew
200089.jpg,blast
200090.jpg,blast
200091.jpg,downy_mildew
200092.jpg,downy_mildew
200093.jpg,downy_mildew
200094.jpg,blast
200095.jpg,blast
200096.jpg,blast
200097.jpg,blast
200098.jpg,downy_mildew
200099.jpg,hispa
200100.jpg,downy_mildew
200101.jpg,bacterial_leaf_streak
200102.jpg,blast
200103.jpg,downy_mildew
200104.jpg,downy_mildew
200105.jpg,bacterial_leaf_streak
200106.jpg,downy_mildew
200107.jpg,blast
200108.jpg,downy_mildew
200109.jpg,blast
200110.jpg,blast
200111.jpg,downy_mildew
200112.jpg,blast
200113.jpg,brown_spot
200114.jpg,blast
200115.jpg,blast
200116.jpg,blast
200117.jpg,blast
200118.jpg,blast
200119.jpg,brown_spot
200120.jpg,bacterial_leaf_streak
200121.jpg,blast
200122.jpg,blast
200123.jpg,blast
200124.jpg,blast
200125.jpg,blast
200126.jpg,blast
200127.jpg,blast
200128.jpg,downy_mildew
200129.jpg,blast
200130.jpg,hispa
200131.jpg,blast
200132.jpg,blast
200133.jpg,blast
200134.jpg,blast
200135.jpg,downy_mildew
200136.jpg,brown_spot
200137.jpg,blast
200138.jpg,blast
200139.jpg,blast
200140.jpg,downy_mildew
200141.jpg,blast
200142.jpg,downy_mildew
200143.jpg,downy_mildew
200144.jpg,blast
200145.jpg,blast
200146.jpg,blast
200147.jpg,blast
200148.jpg,blast
200149.jpg,blast
200150.jpg,blast
200151.jpg,bacterial_leaf_streak
200152.jpg,blast
200153.jpg,downy_mildew
200154.jpg,blast
200155.jpg,downy_mildew
200156.jpg,blast
200157.jpg,normal
200158.jpg,blast
200159.jpg,blast
200160.jpg,downy_mildew
200161.jpg,downy_mildew
200162.jpg,downy_mildew
200163.jpg,brown_spot
200164.jpg,downy_mildew
200165.jpg,downy_mildew
200166.jpg,blast
200167.jpg,blast
200168.jpg,blast
200169.jpg,brown_spot
200170.jpg,blast
200171.jpg,blast
200172.jpg,blast
200173.jpg,blast
200174.jpg,downy_mildew
200175.jpg,downy_mildew
200176.jpg,downy_mildew
200177.jpg,downy_mildew
200178.jpg,blast
200179.jpg,normal
200180.jpg,blast
200181.jpg,downy_mildew
200182.jpg,downy_mildew
200183.jpg,blast
200184.jpg,blast
200185.jpg,blast
200186.jpg,blast
200187.jpg,downy_mildew
200188.jpg,blast
200189.jpg,blast
200190.jpg,blast
200191.jpg,blast
200192.jpg,downy_mildew
200193.jpg,bacterial_leaf_streak
200194.jpg,blast
200195.jpg,brown_spot
200196.jpg,bacterial_panicle_blight
200197.jpg,downy_mildew
200198.jpg,downy_mildew
200199.jpg,downy_mildew
200200.jpg,blast
200201.jpg,brown_spot
200202.jpg,blast
200203.jpg,brown_spot
200204.jpg,blast
200205.jpg,brown_spot
200206.jpg,blast
200207.jpg,downy_mildew
200208.jpg,downy_mildew
200209.jpg,downy_mildew
200210.jpg,bacterial_leaf_streak
200211.jpg,brown_spot
200212.jpg,blast
200213.jpg,downy_mildew
200214.jpg,blast
200215.jpg,blast
200216.jpg,downy_mildew
200217.jpg,bacterial_panicle_blight
200218.jpg,blast
200219.jpg,blast
200220.jpg,blast
200221.jpg,bacterial_panicle_blight
200222.jpg,blast
200223.jpg,bacterial_panicle_blight
200224.jpg,bacterial_leaf_streak
200225.jpg,blast
200226.jpg,bacterial_panicle_blight
200227.jpg,blast
200228.jpg,blast
200229.jpg,downy_mildew
200230.jpg,downy_mildew
200231.jpg,brown_spot
200232.jpg,blast
200233.jpg,blast
200234.jpg,blast
200235.jpg,downy_mildew
200236.jpg,blast
200237.jpg,blast
200238.jpg,blast
200239.jpg,blast
200240.jpg,blast
200241.jpg,blast
200242.jpg,blast
200243.jpg,blast
200244.jpg,downy_mildew
200245.jpg,blast
200246.jpg,blast
200247.jpg,blast
200248.jpg,brown_spot
200249.jpg,hispa
200250.jpg,downy_mildew
200251.jpg,downy_mildew
200252.jpg,blast
200253.jpg,blast
200254.jpg,blast
200255.jpg,blast
200256.jpg,blast
200257.jpg,blast
200258.jpg,downy_mildew
200259.jpg,blast
200260.jpg,blast
200261.jpg,downy_mildew
200262.jpg,downy_mildew
200263.jpg,blast
200264.jpg,downy_mildew
200265.jpg,downy_mildew
200266.jpg,blast
200267.jpg,blast
200268.jpg,blast
200269.jpg,downy_mildew
200270.jpg,downy_mildew
200271.jpg,brown_spot
200272.jpg,downy_mildew
200273.jpg,brown_spot
200274.jpg,blast
200275.jpg,blast
200276.jpg,dead_heart
200277.jpg,brown_spot
200278.jpg,brown_spot
200279.jpg,blast
200280.jpg,downy_mildew
200281.jpg,brown_spot
200282.jpg,bacterial_leaf_streak
200283.jpg,dead_heart
200284.jpg,bacterial_leaf_streak
200285.jpg,blast
200286.jpg,blast
200287.jpg,bacterial_leaf_streak
200288.jpg,blast
200289.jpg,blast
200290.jpg,blast
200291.jpg,blast
200292.jpg,blast
200293.jpg,brown_spot
200294.jpg,blast
200295.jpg,blast
200296.jpg,brown_spot
200297.jpg,blast
200298.jpg,blast
200299.jpg,blast
200300.jpg,blast
200301.jpg,blast
200302.jpg,downy_mildew
200303.jpg,downy_mildew
200304.jpg,downy_mildew
200305.jpg,bacterial_panicle_blight
200306.jpg,blast
200307.jpg,blast
200308.jpg,downy_mildew
200309.jpg,dead_heart
200310.jpg,blast
200311.jpg,blast
200312.jpg,blast
200313.jpg,bacterial_leaf_streak
200314.jpg,downy_mildew
200315.jpg,blast
200316.jpg,blast
200317.jpg,bacterial_leaf_streak
200318.jpg,bacterial_panicle_blight
200319.jpg,bacterial_leaf_streak
200320.jpg,downy_mildew
200321.jpg,downy_mildew
200322.jpg,downy_mildew
200323.jpg,blast
200324.jpg,bacterial_leaf_streak
200325.jpg,brown_spot
200326.jpg,blast
200327.jpg,blast
200328.jpg,blast
200329.jpg,bacterial_panicle_blight
200330.jpg,blast
200331.jpg,blast
200332.jpg,blast
200333.jpg,downy_mildew
200334.jpg,brown_spot
200335.jpg,blast
200336.jpg,downy_mildew
200337.jpg,blast
200338.jpg,downy_mildew
200339.jpg,bacterial_panicle_blight
200340.jpg,bacterial_panicle_blight
200341.jpg,blast
200342.jpg,blast
200343.jpg,blast
200344.jpg,blast
200345.jpg,bacterial_leaf_streak
200346.jpg,brown_spot
200347.jpg,blast
200348.jpg,blast
200349.jpg,blast
200350.jpg,blast
200351.jpg,blast
200352.jpg,blast
200353.jpg,blast
200354.jpg,downy_mildew
200355.jpg,downy_mildew
200356.jpg,blast
200357.jpg,blast
200358.jpg,downy_mildew
200359.jpg,brown_spot
200360.jpg,blast
200361.jpg,brown_spot
200362.jpg,brown_spot
200363.jpg,downy_mildew
200364.jpg,dead_heart
200365.jpg,brown_spot
200366.jpg,blast
200367.jpg,blast
200368.jpg,blast
200369.jpg,downy_mildew
200370.jpg,blast
200371.jpg,blast
200372.jpg,blast
200373.jpg,normal
200374.jpg,blast
200375.jpg,blast
200376.jpg,blast
200377.jpg,blast
200378.jpg,bacterial_panicle_blight
200379.jpg,blast
200380.jpg,downy_mildew
200381.jpg,brown_spot
200382.jpg,blast
200383.jpg,bacterial_leaf_streak
200384.jpg,blast
200385.jpg,blast
200386.jpg,blast
200387.jpg,blast
200388.jpg,blast
200389.jpg,dead_heart
200390.jpg,bacterial_leaf_blight
200391.jpg,brown_spot
200392.jpg,downy_mildew
200393.jpg,blast
200394.jpg,blast
200395.jpg,blast
200396.jpg,brown_spot
200397.jpg,downy_mildew
200398.jpg,blast
200399.jpg,blast
200400.jpg,bacterial_leaf_streak
200401.jpg,bacterial_panicle_blight
200402.jpg,blast
200403.jpg,downy_mildew
200404.jpg,downy_mildew
200405.jpg,brown_spot
200406.jpg,blast
200407.jpg,blast
200408.jpg,dead_heart
200409.jpg,brown_spot
200410.jpg,blast
200411.jpg,downy_mildew
200412.jpg,downy_mildew
200413.jpg,downy_mildew
200414.jpg,blast
200415.jpg,blast
200416.jpg,downy_mildew
200417.jpg,downy_mildew
200418.jpg,blast
200419.jpg,downy_mildew
200420.jpg,downy_mildew
200421.jpg,downy_mildew
200422.jpg,blast
200423.jpg,downy_mildew
200424.jpg,blast
200425.jpg,brown_spot
200426.jpg,bacterial_panicle_blight
200427.jpg,blast
200428.jpg,brown_spot
200429.jpg,blast
200430.jpg,downy_mildew
200431.jpg,blast
200432.jpg,blast
200433.jpg,blast
200434.jpg,blast
200435.jpg,blast
200436.jpg,blast
200437.jpg,blast
200438.jpg,bacterial_leaf_streak
200439.jpg,blast
200440.jpg,downy_mildew
200441.jpg,brown_spot
200442.jpg,bacterial_panicle_blight
200443.jpg,bacterial_panicle_blight
200444.jpg,downy_mildew
200445.jpg,downy_mildew
200446.jpg,blast
200447.jpg,blast
200448.jpg,blast
200449.jpg,blast
200450.jpg,dead_heart
200451.jpg,bacterial_panicle_blight
200452.jpg,brown_spot
200453.jpg,blast
200454.jpg,blast
200455.jpg,downy_mildew
200456.jpg,blast
200457.jpg,downy_mildew
200458.jpg,blast
200459.jpg,blast
200460.jpg,downy_mildew
200461.jpg,brown_spot
200462.jpg,blast
200463.jpg,blast
200464.jpg,blast
200465.jpg,blast
200466.jpg,blast
200467.jpg,blast
200468.jpg,bacterial_leaf_streak
200469.jpg,blast
200470.jpg,blast
200471.jpg,blast
200472.jpg,downy_mildew
200473.jpg,blast
200474.jpg,downy_mildew
200475.jpg,brown_spot
200476.jpg,hispa
200477.jpg,blast
200478.jpg,blast
200479.jpg,blast
200480.jpg,blast
200481.jpg,blast
200482.jpg,brown_spot
200483.jpg,dead_heart
200484.jpg,blast
200485.jpg,blast
200486.jpg,downy_mildew
200487.jpg,blast
200488.jpg,brown_spot
200489.jpg,downy_mildew
200490.jpg,downy_mildew
200491.jpg,bacterial_leaf_streak
200492.jpg,brown_spot
200493.jpg,blast
200494.jpg,downy_mildew
200495.jpg,downy_mildew
200496.jpg,blast
200497.jpg,downy_mildew
200498.jpg,blast
200499.jpg,blast
200500.jpg,blast
200501.jpg,bacterial_leaf_streak
200502.jpg,blast
200503.jpg,blast
200504.jpg,blast
200505.jpg,blast
200506.jpg,bacterial_panicle_blight
200507.jpg,downy_mildew
200508.jpg,dead_heart
200509.jpg,blast
200510.jpg,brown_spot
200511.jpg,downy_mildew
200512.jpg,bacterial_leaf_streak
200513.jpg,downy_mildew
200514.jpg,blast
200515.jpg,blast
200516.jpg,brown_spot
200517.jpg,bacterial_leaf_streak
200518.jpg,blast
200519.jpg,brown_spot
200520.jpg,downy_mildew
200521.jpg,blast
200522.jpg,dead_heart
200523.jpg,blast
200524.jpg,brown_spot
200525.jpg,blast
200526.jpg,blast
200527.jpg,bacterial_panicle_blight
200528.jpg,bacterial_panicle_blight
200529.jpg,blast
200530.jpg,blast
200531.jpg,downy_mildew
200532.jpg,downy_mildew
200533.jpg,blast
200534.jpg,blast
200535.jpg,blast
200536.jpg,blast
200537.jpg,brown_spot
200538.jpg,downy_mildew
200539.jpg,downy_mildew
200540.jpg,downy_mildew
200541.jpg,downy_mildew
200542.jpg,downy_mildew
200543.jpg,blast
200544.jpg,blast
200545.jpg,brown_spot
200546.jpg,blast
200547.jpg,downy_mildew
200548.jpg,blast
200549.jpg,bacterial_panicle_blight
200550.jpg,blast
200551.jpg,brown_spot
200552.jpg,blast
200553.jpg,blast
200554.jpg,blast
200555.jpg,downy_mildew
200556.jpg,bacterial_panicle_blight
200557.jpg,blast
200558.jpg,blast
200559.jpg,blast
200560.jpg,bacterial_panicle_blight
200561.jpg,blast
200562.jpg,downy_mildew
200563.jpg,blast
200564.jpg,bacterial_leaf_streak
200565.jpg,blast
200566.jpg,blast
200567.jpg,blast
200568.jpg,blast
200569.jpg,blast
200570.jpg,brown_spot
200571.jpg,downy_mildew
200572.jpg,blast
200573.jpg,blast
200574.jpg,downy_mildew
200575.jpg,blast
200576.jpg,brown_spot
200577.jpg,blast
200578.jpg,blast
200579.jpg,blast
200580.jpg,blast
200581.jpg,blast
200582.jpg,blast
200583.jpg,brown_spot
200584.jpg,blast
200585.jpg,blast
200586.jpg,brown_spot
200587.jpg,blast
200588.jpg,brown_spot
200589.jpg,blast
200590.jpg,blast
200591.jpg,downy_mildew
200592.jpg,blast
200593.jpg,blast
200594.jpg,dead_heart
200595.jpg,blast
200596.jpg,blast
200597.jpg,blast
200598.jpg,bacterial_panicle_blight
200599.jpg,blast
200600.jpg,downy_mildew
200601.jpg,blast
200602.jpg,dead_heart
200603.jpg,bacterial_panicle_blight
200604.jpg,blast
200605.jpg,dead_heart
200606.jpg,downy_mildew
200607.jpg,blast
200608.jpg,blast
200609.jpg,blast
200610.jpg,blast
200611.jpg,brown_spot
200612.jpg,blast
200613.jpg,blast
200614.jpg,blast
200615.jpg,downy_mildew
200616.jpg,blast
200617.jpg,blast
200618.jpg,blast
200619.jpg,blast
200620.jpg,brown_spot
200621.jpg,blast
200622.jpg,bacterial_panicle_blight
200623.jpg,blast
200624.jpg,downy_mildew
200625.jpg,downy_mildew
200626.jpg,blast
200627.jpg,blast
200628.jpg,downy_mildew
200629.jpg,blast
200630.jpg,brown_spot
200631.jpg,downy_mildew
200632.jpg,dead_heart
200633.jpg,blast
200634.jpg,downy_mildew
200635.jpg,blast
200636.jpg,downy_mildew
200637.jpg,blast
200638.jpg,blast
200639.jpg,blast
200640.jpg,blast
200641.jpg,blast
200642.jpg,blast
200643.jpg,blast
200644.jpg,blast
200645.jpg,brown_spot
200646.jpg,blast
200647.jpg,blast
200648.jpg,blast
200649.jpg,downy_mildew
200650.jpg,bacterial_panicle_blight
200651.jpg,blast
200652.jpg,brown_spot
200653.jpg,blast
200654.jpg,blast
200655.jpg,brown_spot
200656.jpg,blast
200657.jpg,blast
200658.jpg,blast
200659.jpg,brown_spot
200660.jpg,dead_heart
200661.jpg,blast
200662.jpg,downy_mildew
200663.jpg,downy_mildew
200664.jpg,blast
200665.jpg,blast
200666.jpg,bacterial_leaf_streak
200667.jpg,blast
200668.jpg,blast
200669.jpg,blast
200670.jpg,brown_spot
200671.jpg,downy_mildew
200672.jpg,bacterial_panicle_blight
200673.jpg,blast
200674.jpg,blast
200675.jpg,blast
200676.jpg,blast
200677.jpg,blast
200678.jpg,downy_mildew
200679.jpg,blast
200680.jpg,brown_spot
200681.jpg,blast
200682.jpg,blast
200683.jpg,blast
200684.jpg,blast
200685.jpg,downy_mildew
200686.jpg,blast
200687.jpg,blast
200688.jpg,blast
200689.jpg,downy_mildew
200690.jpg,downy_mildew
200691.jpg,dead_heart
200692.jpg,blast
200693.jpg,blast
200694.jpg,blast
200695.jpg,blast
200696.jpg,downy_mildew
200697.jpg,downy_mildew
200698.jpg,blast
200699.jpg,bacterial_panicle_blight
200700.jpg,downy_mildew
200701.jpg,blast
200702.jpg,downy_mildew
200703.jpg,brown_spot
200704.jpg,blast
200705.jpg,blast
200706.jpg,hispa
200707.jpg,blast
200708.jpg,downy_mildew
200709.jpg,bacterial_panicle_blight
200710.jpg,downy_mildew
200711.jpg,bacterial_leaf_streak
200712.jpg,blast
200713.jpg,blast
200714.jpg,downy_mildew
200715.jpg,brown_spot
200716.jpg,brown_spot
200717.jpg,blast
200718.jpg,downy_mildew
200719.jpg,bacterial_leaf_streak
200720.jpg,blast
200721.jpg,downy_mildew
200722.jpg,blast
200723.jpg,blast
200724.jpg,brown_spot
200725.jpg,downy_mildew
200726.jpg,bacterial_panicle_blight
200727.jpg,blast
200728.jpg,brown_spot
200729.jpg,brown_spot
200730.jpg,blast
200731.jpg,downy_mildew
200732.jpg,bacterial_leaf_streak
200733.jpg,blast
200734.jpg,bacterial_panicle_blight
200735.jpg,blast
200736.jpg,blast
200737.jpg,downy_mildew
200738.jpg,dead_heart
200739.jpg,downy_mildew
200740.jpg,bacterial_leaf_streak
200741.jpg,bacterial_panicle_blight
200742.jpg,bacterial_panicle_blight
200743.jpg,blast
200744.jpg,blast
200745.jpg,downy_mildew
200746.jpg,bacterial_leaf_streak
200747.jpg,blast
200748.jpg,downy_mildew
200749.jpg,blast
200750.jpg,blast
200751.jpg,blast
200752.jpg,blast
200753.jpg,blast
200754.jpg,brown_spot
200755.jpg,dead_heart
200756.jpg,blast
200757.jpg,blast
200758.jpg,blast
200759.jpg,blast
200760.jpg,downy_mildew
200761.jpg,downy_mildew
200762.jpg,blast
200763.jpg,blast
200764.jpg,bacterial_panicle_blight
200765.jpg,blast
200766.jpg,downy_mildew
200767.jpg,blast
200768.jpg,blast
200769.jpg,bacterial_leaf_streak
200770.jpg,blast
200771.jpg,blast
200772.jpg,bacterial_panicle_blight
200773.jpg,blast
200774.jpg,blast
200775.jpg,downy_mildew
200776.jpg,blast
200777.jpg,blast
200778.jpg,bacterial_leaf_streak
200779.jpg,blast
200780.jpg,blast
200781.jpg,blast
200782.jpg,blast
200783.jpg,downy_mildew
200784.jpg,blast
200785.jpg,bacterial_leaf_streak
200786.jpg,brown_spot
200787.jpg,blast
200788.jpg,bacterial_panicle_blight
200789.jpg,blast
200790.jpg,bacterial_leaf_streak
200791.jpg,brown_spot
200792.jpg,downy_mildew
200793.jpg,brown_spot
200794.jpg,blast
200795.jpg,blast
200796.jpg,blast
200797.jpg,bacterial_leaf_streak
200798.jpg,blast
200799.jpg,brown_spot
200800.jpg,blast
200801.jpg,blast
200802.jpg,blast
200803.jpg,downy_mildew
200804.jpg,blast
200805.jpg,downy_mildew
200806.jpg,brown_spot
200807.jpg,blast
200808.jpg,dead_heart
200809.jpg,downy_mildew
200810.jpg,blast
200811.jpg,blast
200812.jpg,bacterial_leaf_streak
200813.jpg,blast
200814.jpg,blast
200815.jpg,bacterial_panicle_blight
200816.jpg,blast
200817.jpg,blast
200818.jpg,blast
200819.jpg,brown_spot
200820.jpg,brown_spot
200821.jpg,bacterial_leaf_streak
200822.jpg,downy_mildew
200823.jpg,blast
200824.jpg,blast
200825.jpg,blast
200826.jpg,bacterial_leaf_streak
200827.jpg,blast
200828.jpg,blast
200829.jpg,blast
200830.jpg,downy_mildew
200831.jpg,bacterial_panicle_blight
200832.jpg,downy_mildew
200833.jpg,blast
200834.jpg,brown_spot
200835.jpg,bacterial_leaf_streak
200836.jpg,downy_mildew
200837.jpg,blast
200838.jpg,blast
200839.jpg,brown_spot
200840.jpg,blast
200841.jpg,downy_mildew
200842.jpg,blast
200843.jpg,blast
200844.jpg,blast
200845.jpg,blast
200846.jpg,blast
200847.jpg,bacterial_panicle_blight
200848.jpg,bacterial_leaf_streak
200849.jpg,bacterial_panicle_blight
200850.jpg,downy_mildew
200851.jpg,blast
200852.jpg,blast
200853.jpg,bacterial_panicle_blight
200854.jpg,blast
200855.jpg,downy_mildew
200856.jpg,blast
200857.jpg,blast
200858.jpg,brown_spot
200859.jpg,blast
200860.jpg,blast
200861.jpg,downy_mildew
200862.jpg,blast
200863.jpg,dead_heart
200864.jpg,blast
200865.jpg,brown_spot
200866.jpg,blast
200867.jpg,blast
200868.jpg,blast
200869.jpg,blast
200870.jpg,bacterial_leaf_streak
200871.jpg,blast
200872.jpg,blast
200873.jpg,brown_spot
200874.jpg,blast
200875.jpg,blast
200876.jpg,brown_spot
200877.jpg,downy_mildew
200878.jpg,hispa
200879.jpg,blast
200880.jpg,blast
200881.jpg,blast
200882.jpg,bacterial_leaf_streak
200883.jpg,downy_mildew
200884.jpg,brown_spot
200885.jpg,hispa
200886.jpg,blast
200887.jpg,blast
200888.jpg,brown_spot
200889.jpg,downy_mildew
200890.jpg,blast
200891.jpg,blast
200892.jpg,bacterial_leaf_streak
200893.jpg,blast
200894.jpg,blast
200895.jpg,blast
200896.jpg,brown_spot
200897.jpg,brown_spot
200898.jpg,blast
200899.jpg,brown_spot
200900.jpg,blast
200901.jpg,blast
200902.jpg,downy_mildew
200903.jpg,blast
200904.jpg,bacterial_panicle_blight
200905.jpg,blast
200906.jpg,blast
200907.jpg,blast
200908.jpg,blast
200909.jpg,normal
200910.jpg,dead_heart
200911.jpg,downy_mildew
200912.jpg,dead_heart
200913.jpg,brown_spot
200914.jpg,blast
200915.jpg,blast
200916.jpg,blast
200917.jpg,blast
200918.jpg,blast
200919.jpg,dead_heart
200920.jpg,blast
200921.jpg,blast
200922.jpg,blast
200923.jpg,blast
200924.jpg,blast
200925.jpg,downy_mildew
200926.jpg,blast
200927.jpg,blast
200928.jpg,blast
200929.jpg,brown_spot
200930.jpg,blast
200931.jpg,bacterial_panicle_blight
200932.jpg,brown_spot
200933.jpg,blast
200934.jpg,blast
200935.jpg,blast
200936.jpg,blast
200937.jpg,downy_mildew
200938.jpg,blast
200939.jpg,blast
200940.jpg,downy_mildew
200941.jpg,normal
200942.jpg,blast
200943.jpg,bacterial_leaf_streak
200944.jpg,brown_spot
200945.jpg,dead_heart
200946.jpg,downy_mildew
200947.jpg,blast
200948.jpg,blast
200949.jpg,blast
200950.jpg,blast
200951.jpg,bacterial_leaf_streak
200952.jpg,blast
200953.jpg,blast
200954.jpg,blast
200955.jpg,downy_mildew
200956.jpg,blast
200957.jpg,downy_mildew
200958.jpg,downy_mildew
200959.jpg,blast
200960.jpg,blast
200961.jpg,blast
200962.jpg,downy_mildew
200963.jpg,blast
200964.jpg,blast
200965.jpg,blast
200966.jpg,blast
200967.jpg,blast
200968.jpg,blast
200969.jpg,blast
200970.jpg,blast
200971.jpg,bacterial_panicle_blight
200972.jpg,downy_mildew
200973.jpg,blast
200974.jpg,downy_mildew
200975.jpg,blast
200976.jpg,blast
200977.jpg,bacterial_leaf_streak
200978.jpg,brown_spot
200979.jpg,blast
200980.jpg,downy_mildew
200981.jpg,blast
200982.jpg,blast
200983.jpg,downy_mildew
200984.jpg,downy_mildew
200985.jpg,blast
200986.jpg,brown_spot
200987.jpg,blast
200988.jpg,blast
200989.jpg,downy_mildew
200990.jpg,blast
200991.jpg,blast
200992.jpg,bacterial_leaf_streak
200993.jpg,brown_spot
200994.jpg,bacterial_leaf_streak
200995.jpg,downy_mildew
200996.jpg,bacterial_panicle_blight
200997.jpg,dead_heart
200998.jpg,downy_mildew
200999.jpg,downy_mildew
201000.jpg,brown_spot
201001.jpg,downy_mildew
201002.jpg,blast
201003.jpg,brown_spot
201004.jpg,blast
201005.jpg,blast
201006.jpg,bacterial_panicle_blight
201007.jpg,bacterial_leaf_blight
201008.jpg,brown_spot
201009.jpg,brown_spot
201010.jpg,blast
201011.jpg,blast
201012.jpg,blast
201013.jpg,brown_spot
201014.jpg,blast
201015.jpg,brown_spot
201016.jpg,bacterial_panicle_blight
201017.jpg,blast
201018.jpg,blast
201019.jpg,blast
201020.jpg,downy_mildew
201021.jpg,bacterial_leaf_streak
201022.jpg,hispa
201023.jpg,blast
201024.jpg,blast
201025.jpg,downy_mildew
201026.jpg,downy_mildew
201027.jpg,bacterial_leaf_streak
201028.jpg,blast
201029.jpg,downy_mildew
201030.jpg,bacterial_leaf_streak
201031.jpg,bacterial_leaf_streak
201032.jpg,downy_mildew
201033.jpg,bacterial_leaf_streak
201034.jpg,blast
201035.jpg,blast
201036.jpg,blast
201037.jpg,blast
201038.jpg,downy_mildew
201039.jpg,blast
201040.jpg,downy_mildew
201041.jpg,bacterial_panicle_blight
201042.jpg,downy_mildew
201043.jpg,blast
201044.jpg,brown_spot
201045.jpg,blast
201046.jpg,blast
201047.jpg,blast
201048.jpg,blast
201049.jpg,blast
201050.jpg,bacterial_leaf_streak
201051.jpg,brown_spot
201052.jpg,blast
201053.jpg,blast
201054.jpg,blast
201055.jpg,downy_mildew
201056.jpg,blast
201057.jpg,blast
201058.jpg,downy_mildew
201059.jpg,brown_spot
201060.jpg,bacterial_leaf_blight
201061.jpg,downy_mildew
201062.jpg,blast
201063.jpg,blast
201064.jpg,blast
201065.jpg,downy_mildew
201066.jpg,bacterial_panicle_blight
201067.jpg,bacterial_leaf_streak
201068.jpg,blast
201069.jpg,bacterial_leaf_streak
201070.jpg,blast
201071.jpg,downy_mildew
201072.jpg,blast
201073.jpg,blast
201074.jpg,blast
201075.jpg,downy_mildew
201076.jpg,blast
201077.jpg,blast
201078.jpg,downy_mildew
201079.jpg,blast
201080.jpg,blast
201081.jpg,blast
201082.jpg,brown_spot
201083.jpg,blast
201084.jpg,downy_mildew
201085.jpg,blast
201086.jpg,blast
201087.jpg,blast
201088.jpg,blast
201089.jpg,blast
201090.jpg,blast
201091.jpg,bacterial_leaf_streak
201092.jpg,blast
201093.jpg,blast
201094.jpg,downy_mildew
201095.jpg,downy_mildew
201096.jpg,brown_spot
201097.jpg,blast
201098.jpg,downy_mildew
201099.jpg,brown_spot
201100.jpg,blast
201101.jpg,blast
201102.jpg,dead_heart
201103.jpg,bacterial_leaf_streak
201104.jpg,downy_mildew
201105.jpg,blast
201106.jpg,blast
201107.jpg,downy_mildew
201108.jpg,blast
201109.jpg,brown_spot
201110.jpg,downy_mildew
201111.jpg,blast
201112.jpg,brown_spot
201113.jpg,downy_mildew
201114.jpg,blast
201115.jpg,downy_mildew
201116.jpg,brown_spot
201117.jpg,downy_mildew
201118.jpg,blast
201119.jpg,blast
201120.jpg,blast
201121.jpg,blast
201122.jpg,blast
201123.jpg,blast
201124.jpg,bacterial_panicle_blight
201125.jpg,blast
201126.jpg,normal
201127.jpg,bacterial_leaf_streak
201128.jpg,brown_spot
201129.jpg,blast
201130.jpg,blast
201131.jpg,brown_spot
201132.jpg,brown_spot
201133.jpg,hispa
201134.jpg,blast
201135.jpg,blast
201136.jpg,dead_heart
201137.jpg,brown_spot
201138.jpg,blast
201139.jpg,downy_mildew
201140.jpg,brown_spot
201141.jpg,blast
201142.jpg,bacterial_leaf_streak
201143.jpg,blast
201144.jpg,downy_mildew
201145.jpg,blast
201146.jpg,bacterial_leaf_streak
201147.jpg,bacterial_panicle_blight
201148.jpg,brown_spot
201149.jpg,brown_spot
201150.jpg,blast
201151.jpg,blast
201152.jpg,blast
201153.jpg,blast
201154.jpg,dead_heart
201155.jpg,brown_spot
201156.jpg,downy_mildew
201157.jpg,blast
201158.jpg,bacterial_leaf_streak
201159.jpg,blast
201160.jpg,bacterial_leaf_streak
201161.jpg,blast
201162.jpg,blast
201163.jpg,bacterial_leaf_streak
201164.jpg,blast
201165.jpg,blast
201166.jpg,dead_heart
201167.jpg,blast
201168.jpg,brown_spot
201169.jpg,blast
201170.jpg,downy_mildew
201171.jpg,blast
201172.jpg,blast
201173.jpg,downy_mildew
201174.jpg,blast
201175.jpg,blast
201176.jpg,downy_mildew
201177.jpg,bacterial_leaf_streak
201178.jpg,blast
201179.jpg,brown_spot
201180.jpg,brown_spot
201181.jpg,blast
201182.jpg,blast
201183.jpg,downy_mildew
201184.jpg,bacterial_leaf_streak
201185.jpg,bacterial_leaf_streak
201186.jpg,brown_spot
201187.jpg,bacterial_leaf_streak
201188.jpg,blast
201189.jpg,blast
201190.jpg,downy_mildew
201191.jpg,blast
201192.jpg,blast
201193.jpg,blast
201194.jpg,hispa
201195.jpg,downy_mildew
201196.jpg,downy_mildew
201197.jpg,brown_spot
201198.jpg,blast
201199.jpg,blast
201200.jpg,blast
201201.jpg,bacterial_panicle_blight
201202.jpg,downy_mildew
201203.jpg,bacterial_leaf_streak
201204.jpg,downy_mildew
201205.jpg,blast
201206.jpg,brown_spot
201207.jpg,bacterial_panicle_blight
201208.jpg,blast
201209.jpg,blast
201210.jpg,bacterial_leaf_streak
201211.jpg,bacterial_panicle_blight
201212.jpg,bacterial_leaf_streak
201213.jpg,dead_heart
201214.jpg,downy_mildew
201215.jpg,blast
201216.jpg,blast
201217.jpg,blast
201218.jpg,blast
201219.jpg,blast
201220.jpg,blast
201221.jpg,brown_spot
201222.jpg,downy_mildew
201223.jpg,blast
201224.jpg,downy_mildew
201225.jpg,blast
201226.jpg,blast
201227.jpg,downy_mildew
201228.jpg,blast
201229.jpg,blast
201230.jpg,blast
201231.jpg,downy_mildew
201232.jpg,brown_spot
201233.jpg,blast
201234.jpg,blast
201235.jpg,blast
201236.jpg,downy_mildew
201237.jpg,blast
201238.jpg,brown_spot
201239.jpg,blast
201240.jpg,blast
201241.jpg,blast
201242.jpg,downy_mildew
201243.jpg,downy_mildew
201244.jpg,downy_mildew
201245.jpg,blast
201246.jpg,blast
201247.jpg,blast
201248.jpg,dead_heart
201249.jpg,blast
201250.jpg,downy_mildew
201251.jpg,blast
201252.jpg,blast
201253.jpg,brown_spot
201254.jpg,downy_mildew
201255.jpg,blast
201256.jpg,blast
201257.jpg,brown_spot
201258.jpg,blast
201259.jpg,blast
201260.jpg,blast
201261.jpg,blast
201262.jpg,blast
201263.jpg,blast
201264.jpg,downy_mildew
201265.jpg,blast
201266.jpg,downy_mildew
201267.jpg,downy_mildew
201268.jpg,bacterial_leaf_streak
201269.jpg,bacterial_panicle_blight
201270.jpg,downy_mildew
201271.jpg,downy_mildew
201272.jpg,blast
201273.jpg,blast
201274.jpg,blast
201275.jpg,blast
201276.jpg,blast
201277.jpg,bacterial_panicle_blight
201278.jpg,brown_spot
201279.jpg,brown_spot
201280.jpg,blast
201281.jpg,blast
201282.jpg,bacterial_panicle_blight
201283.jpg,blast
201284.jpg,blast
201285.jpg,downy_mildew
201286.jpg,downy_mildew
201287.jpg,brown_spot
201288.jpg,brown_spot
201289.jpg,blast
201290.jpg,blast
201291.jpg,downy_mildew
201292.jpg,blast
201293.jpg,downy_mildew
201294.jpg,blast
201295.jpg,blast
201296.jpg,downy_mildew
201297.jpg,blast
201298.jpg,blast
201299.jpg,blast
201300.jpg,blast
201301.jpg,blast
201302.jpg,brown_spot
201303.jpg,blast
201304.jpg,bacterial_panicle_blight
201305.jpg,bacterial_panicle_blight
201306.jpg,blast
201307.jpg,blast
201308.jpg,brown_spot
201309.jpg,downy_mildew
201310.jpg,blast
201311.jpg,downy_mildew
201312.jpg,brown_spot
201313.jpg,downy_mildew
201314.jpg,brown_spot
201315.jpg,blast
201316.jpg,blast
201317.jpg,brown_spot
201318.jpg,downy_mildew
201319.jpg,dead_heart
201320.jpg,blast
201321.jpg,blast
201322.jpg,downy_mildew
201323.jpg,blast
201324.jpg,bacterial_panicle_blight
201325.jpg,brown_spot
201326.jpg,downy_mildew
201327.jpg,blast
201328.jpg,blast
201329.jpg,downy_mildew
201330.jpg,downy_mildew
201331.jpg,brown_spot
201332.jpg,blast
201333.jpg,blast
201334.jpg,downy_mildew
201335.jpg,blast
201336.jpg,blast
201337.jpg,downy_mildew
201338.jpg,blast
201339.jpg,downy_mildew
201340.jpg,blast
201341.jpg,downy_mildew
201342.jpg,blast
201343.jpg,blast
201344.jpg,dead_heart
201345.jpg,blast
201346.jpg,brown_spot
201347.jpg,downy_mildew
201348.jpg,downy_mildew
201349.jpg,downy_mildew
201350.jpg,blast
201351.jpg,downy_mildew
201352.jpg,blast
201353.jpg,blast
201354.jpg,bacterial_leaf_streak
201355.jpg,blast
201356.jpg,bacterial_panicle_blight
201357.jpg,dead_heart
201358.jpg,brown_spot
201359.jpg,blast
201360.jpg,blast
201361.jpg,blast
201362.jpg,blast
201363.jpg,blast
201364.jpg,bacterial_panicle_blight
201365.jpg,blast
201366.jpg,bacterial_panicle_blight
201367.jpg,blast
201368.jpg,downy_mildew
201369.jpg,downy_mildew
201370.jpg,brown_spot
201371.jpg,blast
201372.jpg,blast
201373.jpg,blast
201374.jpg,blast
201375.jpg,blast
201376.jpg,blast
201377.jpg,blast
201378.jpg,blast
201379.jpg,bacterial_leaf_streak
201380.jpg,downy_mildew
201381.jpg,blast
201382.jpg,downy_mildew
201383.jpg,blast
201384.jpg,blast
201385.jpg,blast
201386.jpg,blast
201387.jpg,blast
201388.jpg,downy_mildew
201389.jpg,downy_mildew
201390.jpg,blast
201391.jpg,blast
201392.jpg,downy_mildew
201393.jpg,downy_mildew
201394.jpg,bacterial_panicle_blight
201395.jpg,blast
201396.jpg,downy_mildew
201397.jpg,bacterial_leaf_streak
201398.jpg,blast
201399.jpg,bacterial_panicle_blight
201400.jpg,hispa
201401.jpg,blast
201402.jpg,blast
201403.jpg,blast
201404.jpg,blast
201405.jpg,downy_mildew
201406.jpg,blast
201407.jpg,brown_spot
201408.jpg,brown_spot
201409.jpg,dead_heart
201410.jpg,brown_spot
201411.jpg,dead_heart
201412.jpg,downy_mildew
201413.jpg,downy_mildew
201414.jpg,brown_spot
201415.jpg,blast
201416.jpg,dead_heart
201417.jpg,blast
201418.jpg,dead_heart
201419.jpg,blast
201420.jpg,dead_heart
201421.jpg,blast
201422.jpg,blast
201423.jpg,blast
201424.jpg,downy_mildew
201425.jpg,bacterial_panicle_blight
201426.jpg,blast
201427.jpg,blast
201428.jpg,bacterial_leaf_streak
201429.jpg,downy_mildew
201430.jpg,blast
201431.jpg,bacterial_leaf_streak
201432.jpg,downy_mildew
201433.jpg,bacterial_panicle_blight
201434.jpg,blast
201435.jpg,bacterial_panicle_blight
201436.jpg,downy_mildew
201437.jpg,blast
201438.jpg,downy_mildew
201439.jpg,blast
201440.jpg,blast
201441.jpg,brown_spot
201442.jpg,bacterial_leaf_streak
201443.jpg,blast
201444.jpg,blast
201445.jpg,blast
201446.jpg,blast
201447.jpg,blast
201448.jpg,blast
201449.jpg,brown_spot
201450.jpg,blast
201451.jpg,blast
201452.jpg,downy_mildew
201453.jpg,bacterial_leaf_streak
201454.jpg,blast
201455.jpg,downy_mildew
201456.jpg,blast
201457.jpg,blast
201458.jpg,bacterial_leaf_streak
201459.jpg,downy_mildew
201460.jpg,blast
201461.jpg,hispa
201462.jpg,blast
201463.jpg,downy_mildew
201464.jpg,dead_heart
201465.jpg,blast
201466.jpg,bacterial_leaf_streak
201467.jpg,blast
201468.jpg,brown_spot
201469.jpg,blast
201470.jpg,blast
201471.jpg,brown_spot
201472.jpg,blast
201473.jpg,downy_mildew
201474.jpg,downy_mildew
201475.jpg,blast
201476.jpg,blast
201477.jpg,blast
201478.jpg,downy_mildew
201479.jpg,dead_heart
201480.jpg,blast
201481.jpg,blast
201482.jpg,blast
201483.jpg,downy_mildew
201484.jpg,blast
201485.jpg,blast
201486.jpg,brown_spot
201487.jpg,blast
201488.jpg,downy_mildew
201489.jpg,blast
201490.jpg,downy_mildew
201491.jpg,blast
201492.jpg,blast
201493.jpg,blast
201494.jpg,blast
201495.jpg,downy_mildew
201496.jpg,blast
201497.jpg,blast
201498.jpg,blast
201499.jpg,blast
201500.jpg,blast
201501.jpg,blast
201502.jpg,blast
201503.jpg,blast
201504.jpg,blast
201505.jpg,bacterial_panicle_blight
201506.jpg,dead_heart
201507.jpg,blast
201508.jpg,downy_mildew
201509.jpg,downy_mildew
201510.jpg,blast
201511.jpg,blast
201512.jpg,downy_mildew
201513.jpg,blast
201514.jpg,blast
201515.jpg,blast
201516.jpg,blast
201517.jpg,blast
201518.jpg,blast
201519.jpg,bacterial_leaf_streak
201520.jpg,blast
201521.jpg,downy_mildew
201522.jpg,brown_spot
201523.jpg,bacterial_leaf_streak
201524.jpg,blast
201525.jpg,blast
201526.jpg,bacterial_panicle_blight
201527.jpg,brown_spot
201528.jpg,downy_mildew
201529.jpg,bacterial_leaf_streak
201530.jpg,downy_mildew
201531.jpg,blast
201532.jpg,downy_mildew
201533.jpg,bacterial_panicle_blight
201534.jpg,blast
201535.jpg,blast
201536.jpg,blast
201537.jpg,brown_spot
201538.jpg,brown_spot
201539.jpg,downy_mildew
201540.jpg,blast
201541.jpg,brown_spot
201542.jpg,brown_spot
201543.jpg,blast
201544.jpg,blast
201545.jpg,downy_mildew
201546.jpg,blast
201547.jpg,brown_spot
201548.jpg,blast
201549.jpg,brown_spot
201550.jpg,blast
201551.jpg,blast
201552.jpg,blast
201553.jpg,blast
201554.jpg,blast
201555.jpg,blast
201556.jpg,blast
201557.jpg,bacterial_panicle_blight
201558.jpg,blast
201559.jpg,blast
201560.jpg,blast
201561.jpg,blast
201562.jpg,blast
201563.jpg,blast
201564.jpg,blast
201565.jpg,blast
201566.jpg,downy_mildew
201567.jpg,dead_heart
201568.jpg,blast
201569.jpg,blast
201570.jpg,blast
201571.jpg,blast
201572.jpg,blast
201573.jpg,blast
201574.jpg,downy_mildew
201575.jpg,brown_spot
201576.jpg,blast
201577.jpg,blast
201578.jpg,blast
201579.jpg,brown_spot
201580.jpg,brown_spot
201581.jpg,brown_spot
201582.jpg,brown_spot
201583.jpg,brown_spot
201584.jpg,blast
201585.jpg,dead_heart
201586.jpg,bacterial_leaf_streak
201587.jpg,downy_mildew
201588.jpg,downy_mildew
201589.jpg,brown_spot
201590.jpg,downy_mildew
201591.jpg,brown_spot
201592.jpg,brown_spot
201593.jpg,blast
201594.jpg,brown_spot
201595.jpg,blast
201596.jpg,brown_spot
201597.jpg,brown_spot
201598.jpg,brown_spot
201599.jpg,dead_heart
201600.jpg,brown_spot
201601.jpg,blast
201602.jpg,downy_mildew
201603.jpg,blast
201604.jpg,blast
201605.jpg,blast
201606.jpg,blast
201607.jpg,blast
201608.jpg,bacterial_leaf_streak
201609.jpg,brown_spot
201610.jpg,downy_mildew
201611.jpg,blast
201612.jpg,bacterial_panicle_blight
201613.jpg,blast
201614.jpg,downy_mildew
201615.jpg,downy_mildew
201616.jpg,blast
201617.jpg,downy_mildew
201618.jpg,blast
201619.jpg,bacterial_leaf_streak
201620.jpg,bacterial_leaf_streak
201621.jpg,downy_mildew
201622.jpg,blast
201623.jpg,blast
201624.jpg,brown_spot
201625.jpg,hispa
201626.jpg,blast
201627.jpg,blast
201628.jpg,brown_spot
201629.jpg,dead_heart
201630.jpg,downy_mildew
201631.jpg,blast
201632.jpg,downy_mildew
201633.jpg,blast
201634.jpg,dead_heart
201635.jpg,blast
201636.jpg,brown_spot
201637.jpg,downy_mildew
201638.jpg,bacterial_panicle_blight
201639.jpg,downy_mildew
201640.jpg,downy_mildew
201641.jpg,blast
201642.jpg,blast
201643.jpg,downy_mildew
201644.jpg,blast
201645.jpg,blast
201646.jpg,blast
201647.jpg,brown_spot
201648.jpg,blast
201649.jpg,downy_mildew
201650.jpg,blast
201651.jpg,downy_mildew
201652.jpg,downy_mildew
201653.jpg,downy_mildew
201654.jpg,blast
201655.jpg,blast
201656.jpg,downy_mildew
201657.jpg,blast
201658.jpg,brown_spot
201659.jpg,bacterial_leaf_blight
201660.jpg,brown_spot
201661.jpg,blast
201662.jpg,bacterial_leaf_streak
201663.jpg,blast
201664.jpg,blast
201665.jpg,downy_mildew
201666.jpg,bacterial_panicle_blight
201667.jpg,bacterial_leaf_streak
201668.jpg,blast
201669.jpg,brown_spot
201670.jpg,blast
201671.jpg,blast
201672.jpg,blast
201673.jpg,downy_mildew
201674.jpg,brown_spot
201675.jpg,downy_mildew
201676.jpg,blast
201677.jpg,blast
201678.jpg,blast
201679.jpg,blast
201680.jpg,blast
201681.jpg,bacterial_leaf_streak
201682.jpg,blast
201683.jpg,bacterial_leaf_streak
201684.jpg,blast
201685.jpg,blast
201686.jpg,blast
201687.jpg,blast
201688.jpg,downy_mildew
201689.jpg,blast
201690.jpg,blast
201691.jpg,blast
201692.jpg,blast
201693.jpg,downy_mildew
201694.jpg,blast
201695.jpg,bacterial_panicle_blight
201696.jpg,downy_mildew
201697.jpg,blast
201698.jpg,brown_spot
201699.jpg,blast
201700.jpg,brown_spot
201701.jpg,blast
201702.jpg,blast
201703.jpg,blast
201704.jpg,downy_mildew
201705.jpg,blast
201706.jpg,brown_spot
201707.jpg,downy_mildew
201708.jpg,bacterial_panicle_blight
201709.jpg,downy_mildew
201710.jpg,blast
201711.jpg,downy_mildew
201712.jpg,blast
201713.jpg,brown_spot
201714.jpg,brown_spot
201715.jpg,blast
201716.jpg,downy_mildew
201717.jpg,brown_spot
201718.jpg,downy_mildew
201719.jpg,blast
201720.jpg,blast
201721.jpg,downy_mildew
201722.jpg,blast
201723.jpg,blast
201724.jpg,blast
201725.jpg,blast
201726.jpg,blast
201727.jpg,brown_spot
201728.jpg,blast
201729.jpg,downy_mildew
201730.jpg,blast
201731.jpg,blast
201732.jpg,blast
201733.jpg,blast
201734.jpg,blast
201735.jpg,downy_mildew
201736.jpg,downy_mildew
201737.jpg,blast
201738.jpg,blast
201739.jpg,bacterial_panicle_blight
201740.jpg,blast
201741.jpg,blast
201742.jpg,blast
201743.jpg,downy_mildew
201744.jpg,brown_spot
201745.jpg,downy_mildew
201746.jpg,blast
201747.jpg,bacterial_panicle_blight
201748.jpg,blast
201749.jpg,downy_mildew
201750.jpg,blast
201751.jpg,blast
201752.jpg,blast
201753.jpg,blast
201754.jpg,brown_spot
201755.jpg,downy_mildew
201756.jpg,blast
201757.jpg,blast
201758.jpg,brown_spot
201759.jpg,blast
201760.jpg,blast
201761.jpg,blast
201762.jpg,blast
201763.jpg,blast
201764.jpg,downy_mildew
201765.jpg,blast
201766.jpg,blast
201767.jpg,bacterial_panicle_blight
201768.jpg,downy_mildew
201769.jpg,bacterial_panicle_blight
201770.jpg,downy_mildew
201771.jpg,blast
201772.jpg,blast
201773.jpg,blast
201774.jpg,brown_spot
201775.jpg,bacterial_leaf_streak
201776.jpg,dead_heart
201777.jpg,brown_spot
201778.jpg,bacterial_leaf_streak
201779.jpg,brown_spot
201780.jpg,bacterial_leaf_streak
201781.jpg,blast
201782.jpg,blast
201783.jpg,bacterial_leaf_streak
201784.jpg,brown_spot
201785.jpg,blast
201786.jpg,blast
201787.jpg,blast
201788.jpg,blast
201789.jpg,blast
201790.jpg,blast
201791.jpg,downy_mildew
201792.jpg,blast
201793.jpg,blast
201794.jpg,blast
201795.jpg,downy_mildew
201796.jpg,blast
201797.jpg,blast
201798.jpg,brown_spot
201799.jpg,bacterial_leaf_streak
201800.jpg,brown_spot
201801.jpg,blast
201802.jpg,brown_spot
201803.jpg,blast
201804.jpg,blast
201805.jpg,blast
201806.jpg,blast
201807.jpg,downy_mildew
201808.jpg,bacterial_panicle_blight
201809.jpg,blast
201810.jpg,downy_mildew
201811.jpg,brown_spot
201812.jpg,dead_heart
201813.jpg,blast
201814.jpg,brown_spot
201815.jpg,downy_mildew
201816.jpg,blast
201817.jpg,blast
201818.jpg,blast
201819.jpg,downy_mildew
201820.jpg,blast
201821.jpg,blast
201822.jpg,blast
201823.jpg,blast
201824.jpg,downy_mildew
201825.jpg,downy_mildew
201826.jpg,downy_mildew
201827.jpg,blast
201828.jpg,blast
201829.jpg,blast
201830.jpg,blast
201831.jpg,bacterial_panicle_blight
201832.jpg,blast
201833.jpg,blast
201834.jpg,brown_spot
201835.jpg,blast
201836.jpg,blast
201837.jpg,dead_heart
201838.jpg,bacterial_leaf_streak
201839.jpg,blast
201840.jpg,blast
201841.jpg,bacterial_leaf_streak
201842.jpg,bacterial_leaf_streak
201843.jpg,blast
201844.jpg,blast
201845.jpg,downy_mildew
201846.jpg,blast
201847.jpg,blast
201848.jpg,blast
201849.jpg,blast
201850.jpg,blast
201851.jpg,brown_spot
201852.jpg,blast
201853.jpg,blast
201854.jpg,blast
201855.jpg,blast
201856.jpg,blast
201857.jpg,blast
201858.jpg,downy_mildew
201859.jpg,blast
201860.jpg,downy_mildew
201861.jpg,downy_mildew
201862.jpg,blast
201863.jpg,downy_mildew
201864.jpg,blast
201865.jpg,blast
201866.jpg,blast
201867.jpg,blast
201868.jpg,downy_mildew
201869.jpg,blast
201870.jpg,brown_spot
201871.jpg,blast
201872.jpg,downy_mildew
201873.jpg,bacterial_leaf_streak
201874.jpg,bacterial_panicle_blight
201875.jpg,brown_spot
201876.jpg,blast
201877.jpg,blast
201878.jpg,bacterial_leaf_streak
201879.jpg,blast
201880.jpg,blast
201881.jpg,blast
201882.jpg,blast
201883.jpg,brown_spot
201884.jpg,blast
201885.jpg,blast
201886.jpg,brown_spot
201887.jpg,blast
201888.jpg,blast
201889.jpg,blast
201890.jpg,downy_mildew
201891.jpg,downy_mildew
201892.jpg,downy_mildew
201893.jpg,blast
201894.jpg,bacterial_panicle_blight
201895.jpg,blast
201896.jpg,brown_spot
201897.jpg,bacterial_leaf_streak
201898.jpg,blast
201899.jpg,blast
201900.jpg,dead_heart
201901.jpg,downy_mildew
201902.jpg,blast
201903.jpg,blast
201904.jpg,bacterial_panicle_blight
201905.jpg,downy_mildew
201906.jpg,bacterial_panicle_blight
201907.jpg,blast
201908.jpg,downy_mildew
201909.jpg,brown_spot
201910.jpg,blast
201911.jpg,downy_mildew
201912.jpg,bacterial_panicle_blight
201913.jpg,downy_mildew
201914.jpg,blast
201915.jpg,blast
201916.jpg,downy_mildew
201917.jpg,blast
201918.jpg,downy_mildew
201919.jpg,blast
201920.jpg,downy_mildew
201921.jpg,downy_mildew
201922.jpg,blast
201923.jpg,bacterial_leaf_streak
201924.jpg,hispa
201925.jpg,downy_mildew
201926.jpg,downy_mildew
201927.jpg,downy_mildew
201928.jpg,blast
201929.jpg,bacterial_leaf_streak
201930.jpg,brown_spot
201931.jpg,bacterial_leaf_streak
201932.jpg,brown_spot
201933.jpg,downy_mildew
201934.jpg,blast
201935.jpg,downy_mildew
201936.jpg,downy_mildew
201937.jpg,bacterial_leaf_streak
201938.jpg,downy_mildew
201939.jpg,blast
201940.jpg,brown_spot
201941.jpg,bacterial_leaf_streak
201942.jpg,blast
201943.jpg,brown_spot
201944.jpg,downy_mildew
201945.jpg,downy_mildew
201946.jpg,blast
201947.jpg,brown_spot
201948.jpg,blast
201949.jpg,blast
201950.jpg,bacterial_panicle_blight
201951.jpg,blast
201952.jpg,brown_spot
201953.jpg,downy_mildew
201954.jpg,downy_mildew
201955.jpg,downy_mildew
201956.jpg,dead_heart
201957.jpg,blast
201958.jpg,bacterial_leaf_blight
201959.jpg,brown_spot
201960.jpg,hispa
201961.jpg,downy_mildew
201962.jpg,brown_spot
201963.jpg,bacterial_leaf_streak
201964.jpg,brown_spot
201965.jpg,blast
201966.jpg,downy_mildew
201967.jpg,blast
201968.jpg,blast
201969.jpg,blast
201970.jpg,blast
201971.jpg,blast
201972.jpg,downy_mildew
201973.jpg,downy_mildew
201974.jpg,blast
201975.jpg,blast
201976.jpg,brown_spot
201977.jpg,blast
201978.jpg,brown_spot
201979.jpg,normal
201980.jpg,blast
201981.jpg,blast
201982.jpg,blast
201983.jpg,bacterial_leaf_streak
201984.jpg,blast
201985.jpg,downy_mildew
201986.jpg,blast
201987.jpg,downy_mildew
201988.jpg,blast
201989.jpg,blast
201990.jpg,brown_spot
201991.jpg,blast
201992.jpg,blast
201993.jpg,downy_mildew
201994.jpg,downy_mildew
201995.jpg,brown_spot
201996.jpg,blast
201997.jpg,downy_mildew
201998.jpg,blast
201999.jpg,blast
202000.jpg,blast
202001.jpg,downy_mildew
202002.jpg,blast
202003.jpg,downy_mildew
202004.jpg,blast
202005.jpg,brown_spot
202006.jpg,blast
202007.jpg,blast
202008.jpg,downy_mildew
202009.jpg,blast
202010.jpg,blast
202011.jpg,blast
202012.jpg,downy_mildew
202013.jpg,blast
202014.jpg,downy_mildew
202015.jpg,downy_mildew
202016.jpg,bacterial_panicle_blight
202017.jpg,downy_mildew
202018.jpg,blast
202019.jpg,brown_spot
202020.jpg,blast
202021.jpg,blast
202022.jpg,blast
202023.jpg,brown_spot
202024.jpg,blast
202025.jpg,blast
202026.jpg,downy_mildew
202027.jpg,brown_spot
202028.jpg,hispa
202029.jpg,blast
202030.jpg,downy_mildew
202031.jpg,blast
202032.jpg,blast
202033.jpg,blast
202034.jpg,brown_spot
202035.jpg,blast
202036.jpg,downy_mildew
202037.jpg,blast
202038.jpg,blast
202039.jpg,blast
202040.jpg,bacterial_leaf_streak
202041.jpg,blast
202042.jpg,blast
202043.jpg,blast
202044.jpg,bacterial_panicle_blight
202045.jpg,blast
202046.jpg,blast
202047.jpg,blast
202048.jpg,blast
202049.jpg,downy_mildew
202050.jpg,blast
202051.jpg,brown_spot
202052.jpg,blast
202053.jpg,downy_mildew
202054.jpg,downy_mildew
202055.jpg,blast
202056.jpg,brown_spot
202057.jpg,downy_mildew
202058.jpg,brown_spot
202059.jpg,downy_mildew
202060.jpg,brown_spot
202061.jpg,brown_spot
202062.jpg,blast
202063.jpg,blast
202064.jpg,blast
202065.jpg,blast
202066.jpg,brown_spot
202067.jpg,blast
202068.jpg,blast
202069.jpg,brown_spot
202070.jpg,blast
202071.jpg,blast
202072.jpg,blast
202073.jpg,blast
202074.jpg,brown_spot
202075.jpg,blast
202076.jpg,brown_spot
202077.jpg,downy_mildew
202078.jpg,blast
202079.jpg,brown_spot
202080.jpg,blast
202081.jpg,blast
202082.jpg,bacterial_panicle_blight
202083.jpg,blast
202084.jpg,hispa
202085.jpg,downy_mildew
202086.jpg,bacterial_leaf_streak
202087.jpg,downy_mildew
202088.jpg,downy_mildew
202089.jpg,bacterial_leaf_streak
202090.jpg,brown_spot
202091.jpg,brown_spot
202092.jpg,blast
202093.jpg,brown_spot
202094.jpg,blast
202095.jpg,blast
202096.jpg,blast
202097.jpg,dead_heart
202098.jpg,blast
202099.jpg,downy_mildew
202100.jpg,blast
202101.jpg,bacterial_leaf_streak
202102.jpg,brown_spot
202103.jpg,downy_mildew
202104.jpg,bacterial_leaf_streak
202105.jpg,normal
202106.jpg,blast
202107.jpg,brown_spot
202108.jpg,blast
202109.jpg,brown_spot
202110.jpg,blast
202111.jpg,downy_mildew
202112.jpg,downy_mildew
202113.jpg,blast
202114.jpg,downy_mildew
202115.jpg,blast
202116.jpg,blast
202117.jpg,blast
202118.jpg,bacterial_panicle_blight
202119.jpg,downy_mildew
202120.jpg,blast
202121.jpg,downy_mildew
202122.jpg,downy_mildew
202123.jpg,brown_spot
202124.jpg,blast
202125.jpg,blast
202126.jpg,brown_spot
202127.jpg,blast
202128.jpg,brown_spot
202129.jpg,downy_mildew
202130.jpg,blast
202131.jpg,bacterial_leaf_streak
202132.jpg,blast
202133.jpg,downy_mildew
202134.jpg,bacterial_panicle_blight
202135.jpg,blast
202136.jpg,bacterial_panicle_blight
202137.jpg,brown_spot
202138.jpg,downy_mildew
202139.jpg,downy_mildew
202140.jpg,blast
202141.jpg,blast
202142.jpg,blast
202143.jpg,blast
202144.jpg,blast
202145.jpg,brown_spot
202146.jpg,brown_spot
202147.jpg,blast
202148.jpg,downy_mildew
202149.jpg,blast
202150.jpg,dead_heart
202151.jpg,brown_spot
202152.jpg,blast
202153.jpg,bacterial_panicle_blight
202154.jpg,dead_heart
202155.jpg,dead_heart
202156.jpg,blast
202157.jpg,bacterial_leaf_streak
202158.jpg,blast
202159.jpg,blast
202160.jpg,blast
202161.jpg,hispa
202162.jpg,blast
202163.jpg,blast
202164.jpg,blast
202165.jpg,blast
202166.jpg,blast
202167.jpg,blast
202168.jpg,blast
202169.jpg,blast
202170.jpg,blast
202171.jpg,blast
202172.jpg,blast
202173.jpg,downy_mildew
202174.jpg,brown_spot
202175.jpg,blast
202176.jpg,blast
202177.jpg,brown_spot
202178.jpg,blast
202179.jpg,blast
202180.jpg,bacterial_leaf_streak
202181.jpg,blast
202182.jpg,downy_mildew
202183.jpg,blast
202184.jpg,downy_mildew
202185.jpg,bacterial_panicle_blight
202186.jpg,blast
202187.jpg,downy_mildew
202188.jpg,blast
202189.jpg,blast
202190.jpg,blast
202191.jpg,blast
202192.jpg,downy_mildew
202193.jpg,downy_mildew
202194.jpg,blast
202195.jpg,bacterial_panicle_blight
202196.jpg,downy_mildew
202197.jpg,blast
202198.jpg,blast
202199.jpg,blast
202200.jpg,blast
202201.jpg,downy_mildew
202202.jpg,blast
202203.jpg,bacterial_panicle_blight
202204.jpg,blast
202205.jpg,bacterial_leaf_streak
202206.jpg,blast
202207.jpg,blast
202208.jpg,blast
202209.jpg,blast
202210.jpg,downy_mildew
202211.jpg,downy_mildew
202212.jpg,bacterial_panicle_blight
202213.jpg,downy_mildew
202214.jpg,blast
202215.jpg,downy_mildew
202216.jpg,blast
202217.jpg,bacterial_leaf_streak
202218.jpg,blast
202219.jpg,bacterial_leaf_blight
202220.jpg,blast
202221.jpg,blast
202222.jpg,blast
202223.jpg,bacterial_panicle_blight
202224.jpg,blast
202225.jpg,blast
202226.jpg,blast
202227.jpg,blast
202228.jpg,bacterial_panicle_blight
202229.jpg,blast
202230.jpg,blast
202231.jpg,downy_mildew
202232.jpg,brown_spot
202233.jpg,blast
202234.jpg,blast
202235.jpg,blast
202236.jpg,blast
202237.jpg,blast
202238.jpg,downy_mildew
202239.jpg,blast
202240.jpg,blast
202241.jpg,dead_heart
202242.jpg,blast
202243.jpg,brown_spot
202244.jpg,blast
202245.jpg,blast
202246.jpg,blast
202247.jpg,blast
202248.jpg,blast
202249.jpg,blast
202250.jpg,blast
202251.jpg,blast
202252.jpg,downy_mildew
202253.jpg,blast
202254.jpg,brown_spot
202255.jpg,dead_heart
202256.jpg,blast
202257.jpg,downy_mildew
202258.jpg,downy_mildew
202259.jpg,bacterial_panicle_blight
202260.jpg,blast
202261.jpg,blast
202262.jpg,bacterial_panicle_blight
202263.jpg,bacterial_panicle_blight
202264.jpg,downy_mildew
202265.jpg,downy_mildew
202266.jpg,downy_mildew
202267.jpg,blast
202268.jpg,bacterial_leaf_streak
202269.jpg,blast
202270.jpg,downy_mildew
202271.jpg,blast
202272.jpg,brown_spot
202273.jpg,downy_mildew
202274.jpg,blast
202275.jpg,downy_mildew
202276.jpg,downy_mildew
202277.jpg,brown_spot
202278.jpg,downy_mildew
202279.jpg,blast
202280.jpg,blast
202281.jpg,blast
202282.jpg,blast
202283.jpg,brown_spot
202284.jpg,brown_spot
202285.jpg,blast
202286.jpg,brown_spot
202287.jpg,blast
202288.jpg,downy_mildew
202289.jpg,blast
202290.jpg,brown_spot
202291.jpg,bacterial_leaf_streak
202292.jpg,blast
202293.jpg,downy_mildew
202294.jpg,downy_mildew
202295.jpg,blast
202296.jpg,downy_mildew
202297.jpg,brown_spot
202298.jpg,bacterial_panicle_blight
202299.jpg,blast
202300.jpg,bacterial_panicle_blight
202301.jpg,downy_mildew
202302.jpg,blast
202303.jpg,brown_spot
202304.jpg,downy_mildew
202305.jpg,bacterial_leaf_streak
202306.jpg,bacterial_panicle_blight
202307.jpg,brown_spot
202308.jpg,downy_mildew
202309.jpg,downy_mildew
202310.jpg,blast
202311.jpg,blast
202312.jpg,downy_mildew
202313.jpg,blast
202314.jpg,downy_mildew
202315.jpg,dead_heart
202316.jpg,blast
202317.jpg,blast
202318.jpg,blast
202319.jpg,blast
202320.jpg,blast
202321.jpg,downy_mildew
202322.jpg,blast
202323.jpg,blast
202324.jpg,blast
202325.jpg,downy_mildew
202326.jpg,bacterial_panicle_blight
202327.jpg,blast
202328.jpg,blast
202329.jpg,brown_spot
202330.jpg,blast
202331.jpg,brown_spot
202332.jpg,blast
202333.jpg,blast
202334.jpg,downy_mildew
202335.jpg,blast
202336.jpg,blast
202337.jpg,downy_mildew
202338.jpg,blast
202339.jpg,blast
202340.jpg,blast
202341.jpg,blast
202342.jpg,blast
202343.jpg,blast
202344.jpg,blast
202345.jpg,blast
202346.jpg,brown_spot
202347.jpg,downy_mildew
202348.jpg,downy_mildew
202349.jpg,downy_mildew
202350.jpg,blast
202351.jpg,blast
202352.jpg,downy_mildew
202353.jpg,brown_spot
202354.jpg,blast
202355.jpg,bacterial_panicle_blight
202356.jpg,blast
202357.jpg,blast
202358.jpg,downy_mildew
202359.jpg,downy_mildew
202360.jpg,blast
202361.jpg,blast
202362.jpg,brown_spot
202363.jpg,blast
202364.jpg,downy_mildew
202365.jpg,blast
202366.jpg,dead_heart
202367.jpg,blast
202368.jpg,blast
202369.jpg,downy_mildew
202370.jpg,downy_mildew
202371.jpg,blast
202372.jpg,bacterial_leaf_streak
202373.jpg,blast
202374.jpg,downy_mildew
202375.jpg,brown_spot
202376.jpg,bacterial_leaf_streak
202377.jpg,downy_mildew
202378.jpg,downy_mildew
202379.jpg,downy_mildew
202380.jpg,blast
202381.jpg,blast
202382.jpg,downy_mildew
202383.jpg,blast
202384.jpg,blast
202385.jpg,blast
202386.jpg,bacterial_panicle_blight
202387.jpg,downy_mildew
202388.jpg,brown_spot
202389.jpg,brown_spot
202390.jpg,blast
202391.jpg,blast
202392.jpg,downy_mildew
202393.jpg,blast
202394.jpg,blast
202395.jpg,downy_mildew
202396.jpg,downy_mildew
202397.jpg,blast
202398.jpg,blast
202399.jpg,dead_heart
202400.jpg,downy_mildew
202401.jpg,blast
202402.jpg,brown_spot
202403.jpg,blast
202404.jpg,downy_mildew
202405.jpg,blast
202406.jpg,blast
202407.jpg,blast
202408.jpg,blast
202409.jpg,downy_mildew
202410.jpg,brown_spot
202411.jpg,blast
202412.jpg,blast
202413.jpg,blast
202414.jpg,blast
202415.jpg,bacterial_panicle_blight
202416.jpg,blast
202417.jpg,downy_mildew
202418.jpg,bacterial_panicle_blight
202419.jpg,blast
202420.jpg,brown_spot
202421.jpg,blast
202422.jpg,blast
202423.jpg,blast
202424.jpg,blast
202425.jpg,downy_mildew
202426.jpg,blast
202427.jpg,blast
202428.jpg,blast
202429.jpg,blast
202430.jpg,brown_spot
202431.jpg,downy_mildew
202432.jpg,downy_mildew
202433.jpg,blast
202434.jpg,downy_mildew
202435.jpg,blast
202436.jpg,bacterial_leaf_streak
202437.jpg,downy_mildew
202438.jpg,downy_mildew
202439.jpg,brown_spot
202440.jpg,blast
202441.jpg,downy_mildew
202442.jpg,blast
202443.jpg,blast
202444.jpg,blast
202445.jpg,blast
202446.jpg,blast
202447.jpg,blast
202448.jpg,bacterial_leaf_streak
202449.jpg,downy_mildew
202450.jpg,downy_mildew
202451.jpg,dead_heart
202452.jpg,blast
202453.jpg,brown_spot
202454.jpg,blast
202455.jpg,blast
202456.jpg,downy_mildew
202457.jpg,blast
202458.jpg,blast
202459.jpg,downy_mildew
202460.jpg,blast
202461.jpg,brown_spot
202462.jpg,blast
202463.jpg,blast
202464.jpg,blast
202465.jpg,blast
202466.jpg,blast
202467.jpg,blast
202468.jpg,downy_mildew
202469.jpg,downy_mildew
202470.jpg,downy_mildew
202471.jpg,brown_spot
202472.jpg,blast
202473.jpg,blast
202474.jpg,brown_spot
202475.jpg,blast
202476.jpg,brown_spot
202477.jpg,downy_mildew
202478.jpg,brown_spot
202479.jpg,blast
202480.jpg,downy_mildew
202481.jpg,downy_mildew
202482.jpg,blast
202483.jpg,downy_mildew
202484.jpg,downy_mildew
202485.jpg,blast
202486.jpg,downy_mildew
202487.jpg,blast
202488.jpg,downy_mildew
202489.jpg,dead_heart
202490.jpg,brown_spot
202491.jpg,blast
202492.jpg,downy_mildew
202493.jpg,downy_mildew
202494.jpg,blast
202495.jpg,blast
202496.jpg,blast
202497.jpg,downy_mildew
202498.jpg,brown_spot
202499.jpg,blast
202500.jpg,blast
202501.jpg,downy_mildew
202502.jpg,blast
202503.jpg,normal
202504.jpg,bacterial_panicle_blight
202505.jpg,downy_mildew
202506.jpg,downy_mildew
202507.jpg,brown_spot
202508.jpg,downy_mildew
202509.jpg,blast
202510.jpg,blast
202511.jpg,downy_mildew
202512.jpg,blast
202513.jpg,blast
202514.jpg,downy_mildew
202515.jpg,blast
202516.jpg,blast
202517.jpg,brown_spot
202518.jpg,blast
202519.jpg,bacterial_panicle_blight
202520.jpg,bacterial_leaf_streak
202521.jpg,brown_spot
202522.jpg,bacterial_leaf_streak
202523.jpg,brown_spot
202524.jpg,blast
202525.jpg,blast
202526.jpg,blast
202527.jpg,blast
202528.jpg,downy_mildew
202529.jpg,bacterial_panicle_blight
202530.jpg,downy_mildew
202531.jpg,downy_mildew
202532.jpg,blast
202533.jpg,blast
202534.jpg,blast
202535.jpg,brown_spot
202536.jpg,brown_spot
202537.jpg,blast
202538.jpg,bacterial_panicle_blight
202539.jpg,downy_mildew
202540.jpg,blast
202541.jpg,blast
202542.jpg,brown_spot
202543.jpg,blast
202544.jpg,blast
202545.jpg,bacterial_leaf_streak
202546.jpg,blast
202547.jpg,blast
202548.jpg,bacterial_panicle_blight
202549.jpg,downy_mildew
202550.jpg,blast
202551.jpg,blast
202552.jpg,blast
202553.jpg,blast
202554.jpg,dead_heart
202555.jpg,blast
202556.jpg,brown_spot
202557.jpg,blast
202558.jpg,downy_mildew
202559.jpg,blast
202560.jpg,blast
202561.jpg,blast
202562.jpg,blast
202563.jpg,blast
202564.jpg,bacterial_leaf_streak
202565.jpg,brown_spot
202566.jpg,blast
202567.jpg,brown_spot
202568.jpg,blast
202569.jpg,downy_mildew
202570.jpg,blast
202571.jpg,blast
202572.jpg,blast
202573.jpg,blast
202574.jpg,brown_spot
202575.jpg,brown_spot
202576.jpg,downy_mildew
202577.jpg,blast
202578.jpg,blast
202579.jpg,downy_mildew
202580.jpg,brown_spot
202581.jpg,downy_mildew
202582.jpg,blast
202583.jpg,blast
202584.jpg,blast
202585.jpg,blast
202586.jpg,blast
202587.jpg,blast
202588.jpg,downy_mildew
202589.jpg,downy_mildew
202590.jpg,brown_spot
202591.jpg,blast
202592.jpg,bacterial_leaf_streak
202593.jpg,blast
202594.jpg,bacterial_panicle_blight
202595.jpg,blast
202596.jpg,blast
202597.jpg,blast
202598.jpg,brown_spot
202599.jpg,downy_mildew
202600.jpg,blast
202601.jpg,brown_spot
202602.jpg,blast
202603.jpg,downy_mildew
202604.jpg,blast
202605.jpg,brown_spot
202606.jpg,downy_mildew
202607.jpg,blast
202608.jpg,downy_mildew
202609.jpg,blast
202610.jpg,blast
202611.jpg,blast
202612.jpg,downy_mildew
202613.jpg,dead_heart
202614.jpg,blast
202615.jpg,blast
202616.jpg,downy_mildew
202617.jpg,normal
202618.jpg,blast
202619.jpg,brown_spot
202620.jpg,downy_mildew
202621.jpg,blast
202622.jpg,dead_heart
202623.jpg,blast
202624.jpg,downy_mildew
202625.jpg,blast
202626.jpg,blast
202627.jpg,blast
202628.jpg,blast
202629.jpg,bacterial_leaf_streak
202630.jpg,downy_mildew
202631.jpg,downy_mildew
202632.jpg,brown_spot
202633.jpg,blast
202634.jpg,hispa
202635.jpg,bacterial_panicle_blight
202636.jpg,blast
202637.jpg,bacterial_panicle_blight
202638.jpg,blast
202639.jpg,brown_spot
202640.jpg,blast
202641.jpg,downy_mildew
202642.jpg,downy_mildew
202643.jpg,dead_heart
202644.jpg,downy_mildew
202645.jpg,blast
202646.jpg,blast
202647.jpg,bacterial_leaf_streak
202648.jpg,blast
202649.jpg,downy_mildew
202650.jpg,blast
202651.jpg,downy_mildew
202652.jpg,downy_mildew
202653.jpg,blast
202654.jpg,bacterial_leaf_blight
202655.jpg,downy_mildew
202656.jpg,blast
202657.jpg,brown_spot
202658.jpg,blast
202659.jpg,bacterial_leaf_streak
202660.jpg,blast
202661.jpg,downy_mildew
202662.jpg,blast
202663.jpg,brown_spot
202664.jpg,blast
202665.jpg,blast
202666.jpg,hispa
202667.jpg,blast
202668.jpg,blast
202669.jpg,blast
202670.jpg,blast
202671.jpg,blast
202672.jpg,blast
202673.jpg,blast
202674.jpg,bacterial_panicle_blight
202675.jpg,blast
202676.jpg,blast
202677.jpg,brown_spot
202678.jpg,downy_mildew
202679.jpg,brown_spot
202680.jpg,blast
202681.jpg,downy_mildew
202682.jpg,downy_mildew
202683.jpg,blast
202684.jpg,downy_mildew
202685.jpg,blast
202686.jpg,downy_mildew
202687.jpg,downy_mildew
202688.jpg,bacterial_leaf_streak
202689.jpg,blast
202690.jpg,brown_spot
202691.jpg,blast
202692.jpg,downy_mildew
202693.jpg,brown_spot
202694.jpg,downy_mildew
202695.jpg,blast
202696.jpg,downy_mildew
202697.jpg,blast
202698.jpg,blast
202699.jpg,dead_heart
202700.jpg,downy_mildew
202701.jpg,downy_mildew
202702.jpg,blast
202703.jpg,blast
202704.jpg,blast
202705.jpg,bacterial_panicle_blight
202706.jpg,downy_mildew
202707.jpg,downy_mildew
202708.jpg,bacterial_panicle_blight
202709.jpg,brown_spot
202710.jpg,blast
202711.jpg,bacterial_panicle_blight
202712.jpg,blast
202713.jpg,blast
202714.jpg,blast
202715.jpg,brown_spot
202716.jpg,blast
202717.jpg,blast
202718.jpg,downy_mildew
202719.jpg,blast
202720.jpg,bacterial_leaf_streak
202721.jpg,brown_spot
202722.jpg,downy_mildew
202723.jpg,downy_mildew
202724.jpg,blast
202725.jpg,blast
202726.jpg,blast
202727.jpg,bacterial_panicle_blight
202728.jpg,brown_spot
202729.jpg,blast
202730.jpg,brown_spot
202731.jpg,downy_mildew
202732.jpg,bacterial_leaf_streak
202733.jpg,blast
202734.jpg,bacterial_leaf_streak
202735.jpg,blast
202736.jpg,normal
202737.jpg,blast
202738.jpg,normal
202739.jpg,blast
202740.jpg,blast
202741.jpg,blast
202742.jpg,dead_heart
202743.jpg,bacterial_leaf_streak
202744.jpg,downy_mildew
202745.jpg,blast
202746.jpg,blast
202747.jpg,bacterial_leaf_streak
202748.jpg,brown_spot
202749.jpg,downy_mildew
202750.jpg,blast
202751.jpg,blast
202752.jpg,blast
202753.jpg,hispa
202754.jpg,brown_spot
202755.jpg,blast
202756.jpg,blast
202757.jpg,downy_mildew
202758.jpg,blast
202759.jpg,downy_mildew
202760.jpg,downy_mildew
202761.jpg,blast
202762.jpg,blast
202763.jpg,brown_spot
202764.jpg,blast
202765.jpg,brown_spot
202766.jpg,blast
202767.jpg,hispa
202768.jpg,downy_mildew
202769.jpg,blast
202770.jpg,blast
202771.jpg,blast
202772.jpg,blast
202773.jpg,bacterial_leaf_streak
202774.jpg,downy_mildew
202775.jpg,blast
202776.jpg,blast
202777.jpg,brown_spot
202778.jpg,blast
202779.jpg,blast
202780.jpg,blast
202781.jpg,blast
202782.jpg,blast
202783.jpg,blast
202784.jpg,brown_spot
202785.jpg,downy_mildew
202786.jpg,brown_spot
202787.jpg,blast
202788.jpg,blast
202789.jpg,brown_spot
202790.jpg,blast
202791.jpg,blast
202792.jpg,brown_spot
202793.jpg,downy_mildew
202794.jpg,bacterial_leaf_streak
202795.jpg,blast
202796.jpg,downy_mildew
202797.jpg,blast
202798.jpg,blast
202799.jpg,blast
202800.jpg,downy_mildew
202801.jpg,downy_mildew
202802.jpg,blast
202803.jpg,bacterial_panicle_blight
202804.jpg,blast
202805.jpg,brown_spot
202806.jpg,blast
202807.jpg,blast
202808.jpg,dead_heart
202809.jpg,bacterial_leaf_streak
202810.jpg,downy_mildew
202811.jpg,blast
202812.jpg,blast
202813.jpg,blast
202814.jpg,normal
202815.jpg,downy_mildew
202816.jpg,brown_spot
202817.jpg,blast
202818.jpg,downy_mildew
202819.jpg,bacterial_leaf_streak
202820.jpg,brown_spot
202821.jpg,blast
202822.jpg,downy_mildew
202823.jpg,blast
202824.jpg,blast
202825.jpg,blast
202826.jpg,blast
202827.jpg,blast
202828.jpg,blast
202829.jpg,blast
202830.jpg,blast
202831.jpg,blast
202832.jpg,blast
202833.jpg,blast
202834.jpg,blast
202835.jpg,downy_mildew
202836.jpg,blast
202837.jpg,blast
202838.jpg,blast
202839.jpg,blast
202840.jpg,bacterial_panicle_blight
202841.jpg,downy_mildew
202842.jpg,downy_mildew
202843.jpg,downy_mildew
202844.jpg,blast
202845.jpg,blast
202846.jpg,blast
202847.jpg,blast
202848.jpg,brown_spot
202849.jpg,brown_spot
202850.jpg,blast
202851.jpg,downy_mildew
202852.jpg,downy_mildew
202853.jpg,brown_spot
202854.jpg,downy_mildew
202855.jpg,blast
202856.jpg,blast
202857.jpg,blast
202858.jpg,downy_mildew
202859.jpg,blast
202860.jpg,brown_spot
202861.jpg,bacterial_panicle_blight
202862.jpg,blast
202863.jpg,blast
202864.jpg,blast
202865.jpg,blast
202866.jpg,blast
202867.jpg,blast
202868.jpg,blast
202869.jpg,bacterial_panicle_blight
202870.jpg,blast
202871.jpg,blast
202872.jpg,downy_mildew
202873.jpg,downy_mildew
202874.jpg,blast
202875.jpg,downy_mildew
202876.jpg,downy_mildew
202877.jpg,blast
202878.jpg,downy_mildew
202879.jpg,brown_spot
202880.jpg,bacterial_leaf_streak
202881.jpg,blast
202882.jpg,bacterial_panicle_blight
202883.jpg,dead_heart
202884.jpg,blast
202885.jpg,blast
202886.jpg,brown_spot
202887.jpg,blast
202888.jpg,downy_mildew
202889.jpg,brown_spot
202890.jpg,blast
202891.jpg,blast
202892.jpg,downy_mildew
202893.jpg,blast
202894.jpg,blast
202895.jpg,downy_mildew
202896.jpg,brown_spot
202897.jpg,bacterial_panicle_blight
202898.jpg,brown_spot
202899.jpg,blast
202900.jpg,blast
202901.jpg,blast
202902.jpg,brown_spot
202903.jpg,downy_mildew
202904.jpg,brown_spot
202905.jpg,bacterial_leaf_streak
202906.jpg,bacterial_panicle_blight
202907.jpg,bacterial_panicle_blight
202908.jpg,bacterial_leaf_streak
202909.jpg,blast
202910.jpg,blast
202911.jpg,blast
202912.jpg,blast
202913.jpg,blast
202914.jpg,downy_mildew
202915.jpg,bacterial_panicle_blight
202916.jpg,blast
202917.jpg,downy_mildew
202918.jpg,downy_mildew
202919.jpg,blast
202920.jpg,downy_mildew
202921.jpg,bacterial_leaf_streak
202922.jpg,blast
202923.jpg,blast
202924.jpg,brown_spot
202925.jpg,blast
202926.jpg,blast
202927.jpg,blast
202928.jpg,blast
202929.jpg,blast
202930.jpg,dead_heart
202931.jpg,downy_mildew
202932.jpg,blast
202933.jpg,bacterial_leaf_streak
202934.jpg,blast
202935.jpg,blast
202936.jpg,blast
202937.jpg,downy_mildew
202938.jpg,brown_spot
202939.jpg,downy_mildew
202940.jpg,blast
202941.jpg,blast
202942.jpg,downy_mildew
202943.jpg,blast
202944.jpg,blast
202945.jpg,blast
202946.jpg,blast
202947.jpg,downy_mildew
202948.jpg,blast
202949.jpg,blast
202950.jpg,brown_spot
202951.jpg,blast
202952.jpg,blast
202953.jpg,bacterial_panicle_blight
202954.jpg,blast
202955.jpg,blast
202956.jpg,bacterial_panicle_blight
202957.jpg,bacterial_leaf_streak
202958.jpg,normal
202959.jpg,blast
202960.jpg,brown_spot
202961.jpg,bacterial_leaf_streak
202962.jpg,brown_spot
202963.jpg,downy_mildew
202964.jpg,downy_mildew
202965.jpg,blast
202966.jpg,blast
202967.jpg,dead_heart
202968.jpg,blast
202969.jpg,blast
202970.jpg,blast
202971.jpg,blast
202972.jpg,normal
202973.jpg,downy_mildew
202974.jpg,blast
202975.jpg,bacterial_leaf_streak
202976.jpg,downy_mildew
202977.jpg,brown_spot
202978.jpg,blast
202979.jpg,brown_spot
202980.jpg,blast
202981.jpg,blast
202982.jpg,downy_mildew
202983.jpg,blast
202984.jpg,blast
202985.jpg,blast
202986.jpg,blast
202987.jpg,blast
202988.jpg,blast
202989.jpg,bacterial_leaf_blight
202990.jpg,bacterial_leaf_streak
202991.jpg,bacterial_leaf_streak
202992.jpg,hispa
202993.jpg,blast
202994.jpg,blast
202995.jpg,blast
202996.jpg,blast
202997.jpg,blast
202998.jpg,blast
202999.jpg,blast
203000.jpg,blast
203001.jpg,dead_heart
203002.jpg,downy_mildew
203003.jpg,brown_spot
203004.jpg,blast
203005.jpg,dead_heart
203006.jpg,bacterial_panicle_blight
203007.jpg,downy_mildew
203008.jpg,downy_mildew
203009.jpg,blast
203010.jpg,blast
203011.jpg,blast
203012.jpg,downy_mildew
203013.jpg,blast
203014.jpg,downy_mildew
203015.jpg,blast
203016.jpg,brown_spot
203017.jpg,bacterial_panicle_blight
203018.jpg,blast
203019.jpg,downy_mildew
203020.jpg,blast
203021.jpg,blast
203022.jpg,blast
203023.jpg,blast
203024.jpg,blast
203025.jpg,blast
203026.jpg,blast
203027.jpg,blast
203028.jpg,downy_mildew
203029.jpg,brown_spot
203030.jpg,blast
203031.jpg,downy_mildew
203032.jpg,downy_mildew
203033.jpg,bacterial_leaf_streak
203034.jpg,blast
203035.jpg,downy_mildew
203036.jpg,blast
203037.jpg,blast
203038.jpg,blast
203039.jpg,bacterial_leaf_streak
203040.jpg,downy_mildew
203041.jpg,blast
203042.jpg,bacterial_leaf_streak
203043.jpg,downy_mildew
203044.jpg,blast
203045.jpg,blast
203046.jpg,downy_mildew
203047.jpg,bacterial_leaf_streak
203048.jpg,downy_mildew
203049.jpg,downy_mildew
203050.jpg,downy_mildew
203051.jpg,blast
203052.jpg,blast
203053.jpg,blast
203054.jpg,blast
203055.jpg,downy_mildew
203056.jpg,brown_spot
203057.jpg,blast
203058.jpg,blast
203059.jpg,bacterial_panicle_blight
203060.jpg,bacterial_leaf_streak
203061.jpg,downy_mildew
203062.jpg,blast
203063.jpg,downy_mildew
203064.jpg,downy_mildew
203065.jpg,blast
203066.jpg,brown_spot
203067.jpg,blast
203068.jpg,downy_mildew
203069.jpg,downy_mildew
203070.jpg,blast
203071.jpg,downy_mildew
203072.jpg,blast
203073.jpg,downy_mildew
203074.jpg,blast
203075.jpg,blast
203076.jpg,blast
203077.jpg,brown_spot
203078.jpg,blast
203079.jpg,downy_mildew
203080.jpg,downy_mildew
203081.jpg,downy_mildew
203082.jpg,brown_spot
203083.jpg,downy_mildew
203084.jpg,blast
203085.jpg,downy_mildew
203086.jpg,downy_mildew
203087.jpg,downy_mildew
203088.jpg,blast
203089.jpg,blast
203090.jpg,bacterial_panicle_blight
203091.jpg,dead_heart
203092.jpg,downy_mildew
203093.jpg,blast
203094.jpg,downy_mildew
203095.jpg,blast
203096.jpg,blast
203097.jpg,blast
203098.jpg,blast
203099.jpg,blast
203100.jpg,downy_mildew
203101.jpg,blast
203102.jpg,blast
203103.jpg,blast
203104.jpg,blast
203105.jpg,blast
203106.jpg,blast
203107.jpg,bacterial_panicle_blight
203108.jpg,brown_spot
203109.jpg,bacterial_leaf_streak
203110.jpg,downy_mildew
203111.jpg,blast
203112.jpg,bacterial_panicle_blight
203113.jpg,blast
203114.jpg,downy_mildew
203115.jpg,blast
203116.jpg,blast
203117.jpg,blast
203118.jpg,blast
203119.jpg,downy_mildew
203120.jpg,blast
203121.jpg,downy_mildew
203122.jpg,bacterial_panicle_blight
203123.jpg,blast
203124.jpg,blast
203125.jpg,downy_mildew
203126.jpg,brown_spot
203127.jpg,blast
203128.jpg,bacterial_leaf_streak
203129.jpg,blast
203130.jpg,blast
203131.jpg,downy_mildew
203132.jpg,blast
203133.jpg,downy_mildew
203134.jpg,blast
203135.jpg,blast
203136.jpg,downy_mildew
203137.jpg,bacterial_panicle_blight
203138.jpg,blast
203139.jpg,blast
203140.jpg,dead_heart
203141.jpg,blast
203142.jpg,blast
203143.jpg,blast
203144.jpg,blast
203145.jpg,blast
203146.jpg,bacterial_leaf_streak
203147.jpg,blast
203148.jpg,downy_mildew
203149.jpg,blast
203150.jpg,bacterial_leaf_streak
203151.jpg,downy_mildew
203152.jpg,downy_mildew
203153.jpg,bacterial_panicle_blight
203154.jpg,blast
203155.jpg,blast
203156.jpg,dead_heart
203157.jpg,brown_spot
203158.jpg,blast
203159.jpg,blast
203160.jpg,downy_mildew
203161.jpg,downy_mildew
203162.jpg,dead_heart
203163.jpg,blast
203164.jpg,blast
203165.jpg,blast
203166.jpg,downy_mildew
203167.jpg,downy_mildew
203168.jpg,blast
203169.jpg,blast
203170.jpg,blast
203171.jpg,blast
203172.jpg,bacterial_panicle_blight
203173.jpg,blast
203174.jpg,bacterial_panicle_blight
203175.jpg,brown_spot
203176.jpg,brown_spot
203177.jpg,downy_mildew
203178.jpg,blast
203179.jpg,blast
203180.jpg,downy_mildew
203181.jpg,blast
203182.jpg,blast
203183.jpg,downy_mildew
203184.jpg,brown_spot
203185.jpg,brown_spot
203186.jpg,bacterial_leaf_streak
203187.jpg,blast
203188.jpg,downy_mildew
203189.jpg,blast
203190.jpg,blast
203191.jpg,blast
203192.jpg,blast
203193.jpg,blast
203194.jpg,blast
203195.jpg,bacterial_panicle_blight
203196.jpg,blast
203197.jpg,dead_heart
203198.jpg,downy_mildew
203199.jpg,blast
203200.jpg,bacterial_leaf_streak
203201.jpg,downy_mildew
203202.jpg,blast
203203.jpg,bacterial_panicle_blight
203204.jpg,blast
203205.jpg,downy_mildew
203206.jpg,blast
203207.jpg,blast
203208.jpg,hispa
203209.jpg,downy_mildew
203210.jpg,blast
203211.jpg,downy_mildew
203212.jpg,downy_mildew
203213.jpg,blast
203214.jpg,blast
203215.jpg,bacterial_panicle_blight
203216.jpg,bacterial_panicle_blight
203217.jpg,bacterial_leaf_streak
203218.jpg,brown_spot
203219.jpg,blast
203220.jpg,downy_mildew
203221.jpg,blast
203222.jpg,downy_mildew
203223.jpg,blast
203224.jpg,blast
203225.jpg,blast
203226.jpg,blast
203227.jpg,brown_spot
203228.jpg,blast
203229.jpg,brown_spot
203230.jpg,downy_mildew
203231.jpg,bacterial_panicle_blight
203232.jpg,blast
203233.jpg,blast
203234.jpg,downy_mildew
203235.jpg,downy_mildew
203236.jpg,dead_heart
203237.jpg,downy_mildew
203238.jpg,brown_spot
203239.jpg,downy_mildew
203240.jpg,blast
203241.jpg,blast
203242.jpg,blast
203243.jpg,brown_spot
203244.jpg,blast
203245.jpg,blast
203246.jpg,blast
203247.jpg,blast
203248.jpg,blast
203249.jpg,downy_mildew
203250.jpg,downy_mildew
203251.jpg,downy_mildew
203252.jpg,blast
203253.jpg,downy_mildew
203254.jpg,blast
203255.jpg,blast
203256.jpg,normal
203257.jpg,downy_mildew
203258.jpg,blast
203259.jpg,brown_spot
203260.jpg,blast
203261.jpg,downy_mildew
203262.jpg,blast
203263.jpg,blast
203264.jpg,downy_mildew
203265.jpg,brown_spot
203266.jpg,brown_spot
203267.jpg,bacterial_panicle_blight
203268.jpg,downy_mildew
203269.jpg,blast
203270.jpg,blast
203271.jpg,brown_spot
203272.jpg,downy_mildew
203273.jpg,blast
203274.jpg,blast
203275.jpg,blast
203276.jpg,blast
203277.jpg,brown_spot
203278.jpg,brown_spot
203279.jpg,blast
203280.jpg,blast
203281.jpg,blast
203282.jpg,blast
203283.jpg,downy_mildew
203284.jpg,downy_mildew
203285.jpg,bacterial_panicle_blight
203286.jpg,blast
203287.jpg,blast
203288.jpg,bacterial_panicle_blight
203289.jpg,blast
203290.jpg,downy_mildew
203291.jpg,blast
203292.jpg,blast
203293.jpg,brown_spot
203294.jpg,blast
203295.jpg,downy_mildew
203296.jpg,brown_spot
203297.jpg,blast
203298.jpg,blast
203299.jpg,brown_spot
203300.jpg,blast
203301.jpg,blast
203302.jpg,bacterial_panicle_blight
203303.jpg,downy_mildew
203304.jpg,blast
203305.jpg,downy_mildew
203306.jpg,downy_mildew
203307.jpg,brown_spot
203308.jpg,downy_mildew
203309.jpg,bacterial_leaf_streak
203310.jpg,brown_spot
203311.jpg,blast
203312.jpg,bacterial_leaf_streak
203313.jpg,brown_spot
203314.jpg,downy_mildew
203315.jpg,blast
203316.jpg,downy_mildew
203317.jpg,bacterial_panicle_blight
203318.jpg,downy_mildew
203319.jpg,bacterial_panicle_blight
203320.jpg,downy_mildew
203321.jpg,downy_mildew
203322.jpg,blast
203323.jpg,blast
203324.jpg,blast
203325.jpg,blast
203326.jpg,blast
203327.jpg,blast
203328.jpg,brown_spot
203329.jpg,blast
203330.jpg,blast
203331.jpg,blast
203332.jpg,blast
203333.jpg,downy_mildew
203334.jpg,blast
203335.jpg,blast
203336.jpg,downy_mildew
203337.jpg,dead_heart
203338.jpg,blast
203339.jpg,blast
203340.jpg,blast
203341.jpg,bacterial_panicle_blight
203342.jpg,blast
203343.jpg,bacterial_panicle_blight
203344.jpg,blast
203345.jpg,blast
203346.jpg,blast
203347.jpg,downy_mildew
203348.jpg,bacterial_panicle_blight
203349.jpg,bacterial_panicle_blight
203350.jpg,blast
203351.jpg,blast
203352.jpg,blast
203353.jpg,blast
203354.jpg,blast
203355.jpg,blast
203356.jpg,blast
203357.jpg,blast
203358.jpg,blast
203359.jpg,downy_mildew
203360.jpg,downy_mildew
203361.jpg,downy_mildew
203362.jpg,downy_mildew
203363.jpg,bacterial_leaf_streak
203364.jpg,blast
203365.jpg,blast
203366.jpg,dead_heart
203367.jpg,downy_mildew
203368.jpg,downy_mildew
203369.jpg,blast
203370.jpg,blast
203371.jpg,downy_mildew
203372.jpg,blast
203373.jpg,blast
203374.jpg,blast
203375.jpg,downy_mildew
203376.jpg,blast
203377.jpg,downy_mildew
203378.jpg,blast
203379.jpg,blast
203380.jpg,downy_mildew
203381.jpg,blast
203382.jpg,downy_mildew
203383.jpg,bacterial_panicle_blight
203384.jpg,downy_mildew
203385.jpg,blast
203386.jpg,downy_mildew
203387.jpg,blast
203388.jpg,blast
203389.jpg,blast
203390.jpg,blast
203391.jpg,brown_spot
203392.jpg,blast
203393.jpg,brown_spot
203394.jpg,blast
203395.jpg,bacterial_leaf_streak
203396.jpg,blast
203397.jpg,blast
203398.jpg,brown_spot
203399.jpg,downy_mildew
203400.jpg,blast
203401.jpg,downy_mildew
203402.jpg,blast
203403.jpg,brown_spot
203404.jpg,blast
203405.jpg,blast
203406.jpg,blast
203407.jpg,blast
203408.jpg,blast
203409.jpg,bacterial_panicle_blight
203410.jpg,downy_mildew
203411.jpg,blast
203412.jpg,downy_mildew
203413.jpg,blast
203414.jpg,blast
203415.jpg,downy_mildew
203416.jpg,downy_mildew
203417.jpg,bacterial_leaf_streak
203418.jpg,bacterial_panicle_blight
203419.jpg,brown_spot
203420.jpg,brown_spot
203421.jpg,brown_spot
203422.jpg,downy_mildew
203423.jpg,blast
203424.jpg,blast
203425.jpg,bacterial_leaf_blight
203426.jpg,hispa
203427.jpg,blast
203428.jpg,blast
203429.jpg,bacterial_panicle_blight
203430.jpg,downy_mildew
203431.jpg,downy_mildew
203432.jpg,brown_spot
203433.jpg,bacterial_panicle_blight
203434.jpg,blast
203435.jpg,bacterial_leaf_streak
203436.jpg,blast
203437.jpg,blast
203438.jpg,downy_mildew
203439.jpg,brown_spot
203440.jpg,blast
203441.jpg,blast
203442.jpg,bacterial_panicle_blight
203443.jpg,blast
203444.jpg,blast
203445.jpg,blast
203446.jpg,blast
203447.jpg,blast
203448.jpg,downy_mildew
203449.jpg,blast
203450.jpg,bacterial_leaf_streak
203451.jpg,blast
203452.jpg,bacterial_panicle_blight
203453.jpg,downy_mildew
203454.jpg,brown_spot
203455.jpg,downy_mildew
203456.jpg,blast
203457.jpg,blast
203458.jpg,blast
203459.jpg,blast
203460.jpg,bacterial_leaf_streak
203461.jpg,blast
203462.jpg,blast
203463.jpg,downy_mildew
203464.jpg,bacterial_panicle_blight
203465.jpg,downy_mildew
203466.jpg,downy_mildew
203467.jpg,blast
203468.jpg,bacterial_leaf_streak
203469.jpg,brown_spot
